,City,Longitude,Latitude,Max Temp,Humidity,Cloudiness,Wind Speed,Country,Date
0,Hobart,147.3294,-42.8794,89.01,29,100,16.11,AU,1613717991
1,Hilo,-155.09,19.7297,71.6,78,1,4.61,US,1613717992
2,Ribeira Grande,-28.7,38.5167,57.97,70,100,31.61,PT,1613717992
3,Nuevo Progreso,-97.95,23.1667,46.99,57,40,8.99,MX,1613717993
4,Margate,1.3862,51.3813,44.01,84,100,4.0,GB,1613717993
5,Busselton,115.3333,-33.65,75.0,46,0,3.0,AU,1613717994
6,Tuktoyaktuk,-133.0374,69.4541,-18.4,76,90,9.22,CA,1613717995
7,Manavālakurichi,77.3,8.1333,87.8,66,20,3.13,IN,1613717995
8,Kaseda-shirakame,130.3167,31.4167,51.8,50,20,17.27,JP,1613717996
9,Thompson,-97.8558,55.7435,-13.0,84,20,5.39,CA,1613717885
10,Jaqué,-78.1703,7.5175,76.8,83,0,2.62,PA,1613717997
11,Vardø,31.1107,70.3705,15.8,79,40,12.66,NO,1613717997
12,Derzhavīnsk,66.3167,51.1,-2.18,91,19,8.12,KZ,1613717998
13,Saskylakh,114.0833,71.9167,-19.01,96,100,7.61,RU,1613717999
14,Pokhara,83.9833,28.2333,74.95,23,0,5.26,NP,1613717709
15,Mar del Plata,-57.5575,-38.0023,66.99,88,0,6.91,AR,1613717950
16,Rikitea,-134.9692,-23.1203,79.2,69,84,12.1,PF,1613718002
17,Burnie,145.9167,-41.0667,73.99,60,100,8.01,AU,1613718005
18,Goderich,-81.7165,43.7501,21.2,86,100,9.22,CA,1613717780
19,Ushuaia,-68.3,-54.8,42.8,65,75,4.61,AR,1613717976
20,Klaksvík,-6.589,62.2266,39.2,100,75,6.91,FO,1613718022
21,Geraldton,114.6,-28.7667,80.6,41,0,24.16,AU,1613718024
22,Tessalit,1.0114,20.1986,61.86,12,4,10.27,ML,1613718026
23,Bredasdorp,20.0403,-34.5322,62.6,94,75,3.44,ZA,1613718027
24,Ushuaia,-68.3,-54.8,42.8,65,75,4.61,AR,1613717976
25,Ushuaia,-68.3,-54.8,42.8,65,75,4.61,AR,1613717976
26,Sol'-Iletsk,54.9918,51.1631,-1.43,96,100,8.93,RU,1613718029
27,Tiksi,128.8694,71.6872,-22.83,100,100,6.96,RU,1613718030
28,Ribeira Grande,-28.7,38.5167,57.97,70,100,31.61,PT,1613717992
29,Port Hedland,118.5667,-20.3167,93.2,55,0,19.57,AU,1613717994
30,Forsytheganj,29.7333,52.6333,1.2,94,0,4.54,BY,1613718032
31,Bengkulu,102.2655,-3.8004,86.45,60,81,10.33,ID,1613718036
32,Kumul,93.45,42.8,49.8,26,0,4.59,CN,1613718037
33,Dikson,80.5464,73.5069,-30.8,91,0,11.61,RU,1613718037
34,Yumen,97.2,40.2833,52.16,14,0,23.62,CN,1613718038
35,Cape Town,18.4232,-33.9258,70.0,52,20,17.27,ZA,1613717831
36,Kununurra,128.7333,-15.7667,93.2,37,100,8.05,AU,1613718039
37,Punta Arenas,-70.9167,-53.15,46.0,65,100,11.99,CL,1613718040
38,Nyimba,30.8149,-14.5566,71.28,96,100,2.46,ZM,1613718041
39,Kongolo,27.0,-5.3833,75.72,86,100,1.12,CD,1613718041
40,Saint-Philippe,55.7679,-21.3585,87.8,70,0,8.05,RE,1613718042
41,Hasaki,140.8333,35.7333,54.0,37,20,8.05,JP,1613718043
42,Hermanus,19.2345,-34.4187,68.0,74,52,1.01,ZA,1613718043
43,Punta Arenas,-70.9167,-53.15,46.0,65,100,11.99,CL,1613718040
44,Mataura,168.8643,-46.1927,59.0,82,100,20.0,NZ,1613718045
45,Ahipara,173.1667,-35.1667,64.71,75,49,0.6,NZ,1613718045
46,Longview,-94.7405,32.5007,24.01,73,1,6.91,US,1613717928
47,Ancud,-73.8203,-41.8697,45.0,93,75,5.75,CL,1613718047
48,Armstrong,-61.6022,-32.7822,68.0,80,75,1.99,AR,1613718048
49,Wagar,36.2032,16.1525,69.91,52,3,7.63,SD,1613718049
50,Ushuaia,-68.3,-54.8,42.8,65,75,4.61,AR,1613717976
51,Mataura,168.8643,-46.1927,59.0,82,100,20.0,NZ,1613718045
52,Binga,27.3414,-17.6203,77.27,77,86,2.89,ZW,1613718050
53,Norden,7.2,53.6,39.0,88,1,1.99,DE,1613718051
54,Lebu,-73.65,-37.6167,51.98,76,0,16.11,CL,1613718052
55,Wanaka,169.15,-44.7,82.0,39,12,3.0,NZ,1613718052
56,Busselton,115.3333,-33.65,75.0,46,0,3.0,AU,1613717994
57,Abū Zabad,29.25,12.35,62.85,12,78,20.13,SD,1613718054
58,Barrow,-156.7887,71.2906,-13.0,70,90,14.97,US,1613718026
59,Rikitea,-134.9692,-23.1203,79.2,69,84,12.1,PF,1613718002
60,Sobolevo,31.8996,54.4299,-0.29,92,77,5.23,RU,1613718055
61,Hong Kong,114.1577,22.2855,73.99,46,100,11.01,HK,1613717899
62,Touros,-35.4608,-5.1989,73.4,94,40,2.3,BR,1613718057
63,Mahanoro,48.8,-19.9,87.33,64,3,4.7,MG,1613718058
64,Departamento de Maldonado,-54.9167,-34.6667,64.4,94,20,4.47,UY,1613718058
65,Bambous Virieux,57.7575,-20.3428,82.0,100,75,1.14,MU,1613718059
66,Karatau,70.4667,43.1667,62.28,37,100,35.9,KZ,1613718060
67,Punta Arenas,-70.9167,-53.15,46.0,65,100,11.99,CL,1613718040
68,Puerto Ayora,-90.3518,-0.7393,75.99,96,96,5.7,EC,1613718061
69,Nampula,39.2666,-15.1165,80.6,69,75,8.05,MZ,1613717941
70,Brae,-1.353,60.3964,42.8,87,20,17.27,GB,1613718063
71,Sortavala,30.6918,61.7053,6.1,94,83,2.66,RU,1613718063
72,Mahabalipuram,80.1722,12.6264,82.4,69,75,6.91,IN,1613718064
73,Ahipara,173.1667,-35.1667,64.71,75,49,0.6,NZ,1613718045
74,Neiafu,-173.9833,-18.65,78.8,89,40,5.75,TO,1613718066
75,Cayenne,-52.3333,4.9333,69.8,100,40,10.42,GF,1613718013
76,Chapais,-74.8492,49.7834,-16.6,76,1,2.3,CA,1613718067
77,Qaanaaq,-69.3632,77.484,-18.6,96,98,7.7,GL,1613718067
78,Makakilo City,-158.0858,21.3469,75.2,73,1,12.1,US,1613718068
79,Butaritari,172.7902,3.0707,81.3,78,89,15.68,KI,1613718069
80,Mataura,168.8643,-46.1927,59.0,82,100,20.0,NZ,1613718045
81,Severo-Kuril'sk,156.125,50.6789,30.88,78,23,14.07,RU,1613718070
82,Roebourne,117.1333,-20.7833,91.26,53,0,13.49,AU,1613718070
83,Semporna,118.6112,4.4818,84.2,65,40,6.91,MY,1613718071
84,Moose Factory,-80.6094,51.2585,-2.2,84,1,3.44,CA,1613718072
85,Rikitea,-134.9692,-23.1203,79.2,69,84,12.1,PF,1613718002
86,Carutapera,-46.02,-1.195,73.81,92,100,1.92,BR,1613718073
87,Indramayu,108.32,-6.3264,76.75,90,100,14.23,ID,1613718073
88,Fasa,53.6482,28.9383,57.2,82,75,6.91,IR,1613718074
89,Honningsvåg,25.9704,70.9821,19.4,63,40,14.97,NO,1613718075
90,Jamestown,-79.2353,42.097,24.01,86,90,5.75,US,1613717813
91,Hobart,147.3294,-42.8794,89.01,29,100,16.11,AU,1613717991
92,Saint-Joseph,55.6167,-21.3667,87.8,70,0,8.05,RE,1613718076
93,Meulaboh,96.1285,4.1363,86.83,58,27,7.11,ID,1613718077
94,Vaini,-175.2,-21.2,78.8,89,40,8.05,TO,1613718078
95,Jamestown,-79.2353,42.097,24.01,86,90,5.75,US,1613717813
96,Morón,-58.6198,-34.6534,75.99,75,0,1.01,AR,1613718079
97,De-Kastri,140.7833,51.4667,12.43,81,100,4.52,RU,1613718079
98,Hobart,147.3294,-42.8794,89.01,29,100,16.11,AU,1613717991
99,Nanortalik,-45.2371,60.1432,19.45,67,2,8.46,GL,1613718081
100,Castro,-50.0119,-24.7911,53.47,83,0,1.54,BR,1613718081
101,Saint-Philippe,55.7679,-21.3585,87.8,70,0,8.05,RE,1613718042
102,Wattegama,81.4808,6.7989,89.6,62,40,5.75,LK,1613718083
103,Atuona,-139.0333,-9.8,79.57,79,31,9.86,PF,1613718084
104,Itaú de Minas,-46.7522,-20.7394,66.09,96,30,1.43,BR,1613718084
105,Chui,-53.4616,-33.6971,62.31,93,0,4.03,UY,1613718085
106,Portland,-122.6762,45.5234,43.0,95,100,4.81,US,1613717882
107,Prata,-48.9242,-19.3072,69.28,93,0,1.03,BR,1613718086
108,Port Elizabeth,25.5701,-33.918,68.0,77,0,6.91,ZA,1613718086
109,Mataura,168.8643,-46.1927,59.0,82,100,20.0,NZ,1613718045
110,Constitución,-72.4167,-35.3333,56.79,88,0,5.59,CL,1613718088
111,Piste,-88.5833,20.7,72.39,84,100,1.81,MX,1613718088
112,Esperance,121.9,-33.8667,69.8,56,90,12.66,AU,1613718089
113,Caravelas,-39.2481,-17.7125,78.17,84,100,10.71,BR,1613718090
114,Russell,-85.1999,32.3502,46.4,93,90,6.91,US,1613718092
115,Jimeta,12.4667,9.2833,65.86,22,0,2.71,NG,1613718093
116,Ushuaia,-68.3,-54.8,42.8,65,75,4.61,AR,1613717976
117,Summerside,-63.7876,46.3959,9.0,78,100,5.75,CA,1613718094
118,Jalu,21.5482,29.0331,54.66,56,0,2.37,LY,1613718095
119,Rikitea,-134.9692,-23.1203,79.2,69,84,12.1,PF,1613718002
120,Waipawa,175.5153,-41.4122,66.2,63,0,21.85,NZ,1613718096
121,George Town,100.3354,5.4112,93.2,36,20,10.36,MY,1613717847
122,Qaanaaq,-69.3632,77.484,-18.6,96,98,7.7,GL,1613718067
123,Te Anau,167.7167,-45.4167,66.06,54,3,3.87,NZ,1613718098
124,Belyy Yar,91.3903,53.6039,21.2,79,100,11.18,RU,1613718098
125,Tuktoyaktuk,-133.0374,69.4541,-18.4,76,90,9.22,CA,1613717995
126,Nikolskoye,30.7861,59.7035,10.0,78,75,2.24,RU,1613718099
127,Castro,-50.0119,-24.7911,53.47,83,0,1.54,BR,1613718081
128,Hong Kong,114.1577,22.2855,73.99,46,100,11.01,HK,1613717899
129,Iqaluit,-68.5145,63.7506,-23.01,69,20,3.44,CA,1613718101
130,Hailey,-114.3153,43.5196,19.0,95,100,2.01,US,1613718102
131,Kapaa,-159.319,22.0752,73.4,83,75,11.5,US,1613718103
132,Havre-St-Pierre,-63.5986,50.2334,-0.4,78,1,4.61,CA,1613718103
133,Batemans Bay,150.1833,-35.7167,73.99,85,1,11.99,AU,1613718104
134,Bredasdorp,20.0403,-34.5322,62.6,94,75,3.44,ZA,1613718027
135,Katsuura,140.3,35.1333,53.6,37,20,16.11,JP,1613718105
136,Hervey Bay,152.8535,-25.2986,79.0,77,100,3.0,AU,1613718105
137,Vaini,-175.2,-21.2,78.8,89,40,8.05,TO,1613718078
138,Wokha,94.2667,26.1,70.52,31,100,5.1,IN,1613718107
139,Varkala,76.7067,8.7341,87.8,66,20,6.49,IN,1613718107
140,Berlevåg,29.0864,70.8578,17.6,62,75,11.5,NO,1613718108
141,Wamba,8.6,8.9333,67.3,22,92,2.13,NG,1613718108
142,Nikolskoye,30.7861,59.7035,10.0,78,75,2.24,RU,1613718099
143,Floresta,-38.5686,-8.6011,75.61,73,100,4.76,BR,1613717975
144,Montepuez,38.9997,-13.1256,80.47,75,100,3.74,MZ,1613718110
145,Norman Wells,-126.8329,65.282,-5.8,84,75,5.75,CA,1613718111
146,Osa,55.4567,57.2829,4.96,90,100,3.38,RU,1613718111
147,Abapó,-63.4667,-18.8333,63.79,75,0,2.21,BO,1613718112
148,Ōmamachō-ōmama,139.2833,36.4333,50.0,25,0,7.0,JP,1613718113
149,Barrow,-156.7887,71.2906,-13.0,70,90,14.97,US,1613718026
150,Ilulissat,-51.1,69.2167,3.2,66,90,4.61,GL,1613718114
151,Kapaa,-159.319,22.0752,73.4,83,75,11.5,US,1613718103
152,Busselton,115.3333,-33.65,75.0,46,0,3.0,AU,1613717994
153,Hūn,15.9477,29.1268,56.73,20,46,3.13,LY,1613718115
154,Klaksvík,-6.589,62.2266,39.2,100,75,6.91,FO,1613718022
155,Ushuaia,-68.3,-54.8,42.8,65,75,4.61,AR,1613717976
156,Dikson,80.5464,73.5069,-30.8,91,0,11.61,RU,1613718037
157,Fortuna,-124.1573,40.5982,50.0,100,90,10.36,US,1613718118
158,Arman',150.1667,59.7,0.45,76,88,13.22,RU,1613718118
159,Cidreira,-50.2056,-30.1811,67.51,91,8,6.98,BR,1613718119
160,Cabo San Lucas,-109.9124,22.8909,60.01,63,0,5.99,MX,1613718119
161,Tocopilla,-70.1979,-22.092,68.34,75,0,5.5,CL,1613718120
162,Porbandar,69.6093,21.6422,87.49,36,63,6.8,IN,1613718121
163,Rikitea,-134.9692,-23.1203,79.2,69,84,12.1,PF,1613718002
164,Tuktoyaktuk,-133.0374,69.4541,-18.4,76,90,9.22,CA,1613717995
165,Jamestown,-79.2353,42.097,24.01,86,90,5.75,US,1613717813
166,New Norfolk,147.0587,-42.7826,89.01,27,100,4.0,AU,1613718123
167,Mataura,168.8643,-46.1927,59.0,82,100,20.0,NZ,1613718045
168,Barrow,-156.7887,71.2906,-13.0,70,90,14.97,US,1613718026
169,Tuktoyaktuk,-133.0374,69.4541,-18.4,76,90,9.22,CA,1613717995
170,Panabá,-88.2667,21.2833,71.17,90,100,4.83,MX,1613718126
171,Oskemen,82.6119,49.9565,41.0,56,90,13.42,KZ,1613718127
172,Waingapu,120.2641,-9.6567,85.57,74,93,13.22,ID,1613718128
173,Sovetskaya Gavan',140.2878,48.9723,18.1,84,80,3.24,RU,1613718128
174,Goderich,-81.7165,43.7501,21.2,86,100,9.22,CA,1613717780
175,East London,27.9116,-33.0153,68.0,83,75,2.3,ZA,1613718129
176,Ushuaia,-68.3,-54.8,42.8,65,75,4.61,AR,1613717976
177,Taoudenni,-3.9836,22.6783,68.29,13,50,9.73,ML,1613718131
178,Ribeira Grande,-28.7,38.5167,57.97,70,100,31.61,PT,1613717992
179,Rikitea,-134.9692,-23.1203,79.2,69,84,12.1,PF,1613718002
180,Mar del Plata,-57.5575,-38.0023,66.99,88,0,6.91,AR,1613717950
181,Hermanus,19.2345,-34.4187,68.0,74,52,1.01,ZA,1613718043
182,Ryōtsu-minato,138.4333,38.0833,37.4,93,75,12.66,JP,1613718134
183,Ushuaia,-68.3,-54.8,42.8,65,75,4.61,AR,1613717976
184,San Rafael,-68.3301,-34.6177,66.38,53,71,15.37,AR,1613718135
185,Diego de Almagro,-70.05,-26.3667,54.45,65,0,1.72,CL,1613718135
186,Bethel,-73.414,41.3712,25.0,86,100,4.61,US,1613718136
187,Cape Town,18.4232,-33.9258,70.0,52,20,17.27,ZA,1613717831
188,Guerrero Negro,-114.0611,27.9769,55.04,37,0,3.65,MX,1613718137
189,Makakilo City,-158.0858,21.3469,75.2,73,1,12.1,US,1613718068
190,Avarua,-159.775,-21.2078,75.2,100,75,3.44,CK,1613718138
191,Magadan,150.8,59.5667,4.41,75,14,10.33,RU,1613718139
192,Caiapônia,-51.8103,-16.9567,68.94,93,95,1.1,BR,1613718140
193,Bandarbeyla,50.8122,9.4942,77.59,63,90,16.17,SO,1613718140
194,Carnarvon,113.6333,-24.8667,82.4,61,0,20.71,AU,1613718141
195,Airai,125.4092,-8.9266,67.86,83,96,3.89,TL,1613718141
196,Comodoro Rivadavia,-67.5,-45.8667,51.8,62,40,11.5,AR,1613718142
197,Ushuaia,-68.3,-54.8,42.8,65,75,4.61,AR,1613717976
198,Swan Hill,143.5544,-35.3378,95.61,17,26,6.58,AU,1613718045
199,Asău,26.4,46.4333,16.0,79,0,3.44,RO,1613718144
200,Outjo,16.15,-20.1167,73.0,63,7,9.06,NA,1613718145
201,Hobart,147.3294,-42.8794,89.01,29,100,16.11,AU,1613717991
202,Nkayi,13.2884,-4.1841,73.99,95,99,3.91,CG,1613718146
203,Mnogovershinnyy,139.9242,53.9353,1.74,94,100,2.44,RU,1613718146
204,Qiongshan,110.3542,20.0058,75.2,53,40,13.42,CN,1613718147
205,Harper,-7.7169,4.375,77.13,85,80,3.58,LR,1613718148
206,Punta Arenas,-70.9167,-53.15,46.0,65,100,11.99,CL,1613718040
207,Vaini,-175.2,-21.2,78.8,89,40,8.05,TO,1613718078
208,College,-147.8028,64.8569,1.4,71,90,5.75,US,1613718149
209,Mataura,168.8643,-46.1927,59.0,82,100,20.0,NZ,1613718045
210,Iqaluit,-68.5145,63.7506,-23.01,69,20,3.44,CA,1613718101
211,Torbay,-52.7314,47.6666,19.0,86,1,12.66,CA,1613718151
212,Port Alfred,26.891,-33.5906,71.01,80,92,1.01,ZA,1613718152
213,Punta Arenas,-70.9167,-53.15,46.0,65,100,11.99,CL,1613718040
214,Flinders,150.8552,-34.5833,80.01,72,8,4.0,AU,1613718153
215,Qaanaaq,-69.3632,77.484,-18.6,96,98,7.7,GL,1613718067
216,Atuona,-139.0333,-9.8,79.57,79,31,9.86,PF,1613718084
217,New Norfolk,147.0587,-42.7826,89.01,27,100,4.0,AU,1613718123
218,Hong Kong,114.1577,22.2855,73.99,46,100,11.01,HK,1613717899
219,Busselton,115.3333,-33.65,75.0,46,0,3.0,AU,1613717994
220,Qaanaaq,-69.3632,77.484,-18.6,96,98,7.7,GL,1613718067
221,Krasnyy Chikoy,108.7512,50.3643,18.95,77,100,3.27,RU,1613718157
222,Kelo,15.8066,9.3086,64.62,14,6,6.51,TD,1613718157
223,Katsuura,140.3,35.1333,53.6,37,20,16.11,JP,1613718105
224,Avarua,-159.775,-21.2078,75.2,100,75,3.44,CK,1613718138
225,Stokmarknes,14.9108,68.5646,26.6,68,0,6.91,NO,1613718159
226,Nelson Bay,152.15,-32.7167,77.0,78,40,10.36,AU,1613718160
227,Cabo San Lucas,-109.9124,22.8909,60.01,63,0,5.99,MX,1613718119
228,Ulaangom,92.0667,49.9811,12.18,84,100,3.42,MN,1613718161
229,Chokurdakh,147.9167,70.6333,-28.89,94,0,4.54,RU,1613718162
230,Brits,27.7802,-25.6347,78.01,43,0,4.61,ZA,1613718030
231,Abu Dhabi,54.3667,24.4667,77.0,65,0,5.75,AE,1613718020
232,Saint Paul Harbor,-152.4072,57.79,35.6,55,1,12.66,US,1613718163
233,Iqaluit,-68.5145,63.7506,-23.01,69,20,3.44,CA,1613718101
234,Poum,164.0167,-20.2333,82.72,82,99,15.32,NC,1613718164
235,Viedma,-62.9967,-40.8135,61.11,33,0,26.78,AR,1613718039
236,Qaanaaq,-69.3632,77.484,-18.6,96,98,7.7,GL,1613718067
237,Bayir,28.2167,37.2687,41.0,70,0,3.44,TR,1613718166
238,Hilo,-155.09,19.7297,71.6,78,1,4.61,US,1613717992
239,Wagga Wagga,147.3667,-35.1167,86.0,42,40,9.22,AU,1613718167
240,Hobyo,48.5268,5.3505,80.11,66,94,18.16,SO,1613718168
241,Inhambane,35.3833,-23.865,80.6,94,75,13.8,MZ,1613718168
242,Punta Arenas,-70.9167,-53.15,46.0,65,100,11.99,CL,1613718040
243,Busselton,115.3333,-33.65,75.0,46,0,3.0,AU,1613717994
244,Huarmey,-78.1522,-10.0681,70.2,83,19,3.83,PE,1613718170
245,Thompson,-97.8558,55.7435,-13.0,84,20,5.39,CA,1613717885
246,Lebu,-73.65,-37.6167,51.98,76,0,16.11,CL,1613718052
247,Butaritari,172.7902,3.0707,81.3,78,89,15.68,KI,1613718069
248,Esperance,121.9,-33.8667,69.8,56,90,12.66,AU,1613718089
249,Creel,-107.6333,27.75,29.44,52,0,6.38,MX,1613718173
250,Rikitea,-134.9692,-23.1203,79.2,69,84,12.1,PF,1613718002
251,Port Lincoln,135.8667,-34.7333,68.04,74,94,17.36,AU,1613718174
252,Purgstall,15.1348,48.0584,39.0,83,100,1.01,AT,1613718175
253,Sibolga,98.7792,1.7427,87.69,60,14,6.93,ID,1613718175
254,Busselton,115.3333,-33.65,75.0,46,0,3.0,AU,1613717994
255,Chui,-53.4616,-33.6971,62.31,93,0,4.03,UY,1613718085
256,Soyo,12.3689,-6.1349,78.8,89,75,4.61,AO,1613718177
257,Punta Arenas,-70.9167,-53.15,46.0,65,100,11.99,CL,1613718040
258,Saint George,-113.5841,37.1041,39.99,32,1,6.91,US,1613718178
259,Nœux-les-Mines,2.6657,50.4801,37.0,93,78,8.05,FR,1613718179
260,Rikitea,-134.9692,-23.1203,79.2,69,84,12.1,PF,1613718002
261,Kirakira,161.9205,-10.4544,84.43,75,100,3.31,SB,1613718181
262,Kapaa,-159.319,22.0752,73.4,83,75,11.5,US,1613718103
263,Ajdabiya,20.2263,30.7554,56.34,70,15,5.68,LY,1613718182
264,Kalmunai,81.8167,7.4167,83.66,70,100,8.37,LK,1613718183
265,Busselton,115.3333,-33.65,75.0,46,0,3.0,AU,1613717994
266,Ushuaia,-68.3,-54.8,42.8,65,75,4.61,AR,1613717976
267,Bredasdorp,20.0403,-34.5322,62.6,94,75,3.44,ZA,1613718027
268,Rikitea,-134.9692,-23.1203,79.2,69,84,12.1,PF,1613718002
269,Beaverlodge,-119.4361,55.2166,3.2,85,75,3.44,CA,1613718187
270,Vaini,-175.2,-21.2,78.8,89,40,8.05,TO,1613718078
271,Dryden,-92.7503,49.7833,3.2,78,1,4.61,CA,1613718013
272,Cidreira,-50.2056,-30.1811,67.51,91,8,6.98,BR,1613718119
273,Punta Arenas,-70.9167,-53.15,46.0,65,100,11.99,CL,1613718040
274,Souillac,57.5167,-20.5167,77.0,100,75,1.14,MU,1613718190
275,Lompoc,-120.4579,34.6391,48.99,70,1,3.44,US,1613718078
276,Cidreira,-50.2056,-30.1811,67.51,91,8,6.98,BR,1613718119
277,Uttarkāshi,78.45,30.7333,73.4,33,0,4.61,IN,1613718192
278,Porterville,-119.0168,36.0652,45.0,70,1,8.05,US,1613718193
279,Maybole,-4.6803,55.355,44.6,81,90,24.16,GB,1613718193
280,Qaanaaq,-69.3632,77.484,-18.6,96,98,7.7,GL,1613718067
281,Sault Ste. Marie,-84.3333,46.5168,15.8,67,1,3.44,CA,1613718082
282,Qaanaaq,-69.3632,77.484,-18.6,96,98,7.7,GL,1613718067
283,Batagay,134.6333,67.6333,-30.75,98,95,0.69,RU,1613718196
284,Barrow,-156.7887,71.2906,-13.0,70,90,14.97,US,1613718026
285,Bengkulu,102.2655,-3.8004,86.45,60,81,10.33,ID,1613718036
286,San Jerónimo,-75.2829,-11.9472,42.42,70,49,1.77,PE,1613718197
287,Shambu,37.1,9.5667,67.6,43,100,0.67,ET,1613718198
288,Jamestown,-79.2353,42.097,24.01,86,90,5.75,US,1613717813
289,Avarua,-159.775,-21.2078,75.2,100,75,3.44,CK,1613718138
290,Hermanus,19.2345,-34.4187,68.0,74,52,1.01,ZA,1613718043
291,Lagoa,-27.9833,39.05,57.07,68,100,36.86,PT,1613718201
292,Sitka,-135.33,57.0531,39.2,81,90,19.57,US,1613718201
293,Tulagi,160.1476,-9.0996,84.52,69,100,6.67,SB,1613718202
294,Cape Town,18.4232,-33.9258,70.0,52,20,17.27,ZA,1613717831
295,Jamestown,-79.2353,42.097,24.01,86,90,5.75,US,1613717813
296,Kargasok,80.8572,59.0556,-11.63,96,100,12.64,RU,1613718204
297,Dikson,80.5464,73.5069,-30.8,91,0,11.61,RU,1613718037
298,Bilibino,166.4372,68.0546,-18.65,63,0,2.19,RU,1613718205
299,Saldanha,17.9442,-33.0117,60.8,82,0,5.75,ZA,1613718018
300,Ivanivka,34.553,46.7208,19.47,84,38,15.79,UA,1613718206
301,Port Elizabeth,25.5701,-33.918,68.0,77,0,6.91,ZA,1613718086
302,Hobart,147.3294,-42.8794,89.01,29,100,16.11,AU,1613717991
303,Timbiquí,-77.6654,2.7717,73.62,92,100,3.13,CO,1613718208
304,Port-Gentil,8.7815,-0.7193,78.8,78,20,8.05,GA,1613718208
305,Ponta do Sol,-17.1,32.6667,59.0,72,20,4.61,PT,1613718209
306,Albany,-73.9662,42.6001,23.0,73,100,1.99,US,1613718210
307,Butaritari,172.7902,3.0707,81.3,78,89,15.68,KI,1613718069
308,New Norfolk,147.0587,-42.7826,89.01,27,100,4.0,AU,1613718123
309,Mossamedes,12.1522,-15.1961,72.64,71,4,8.43,AO,1613718211
310,Punta Arenas,-70.9167,-53.15,46.0,65,100,11.99,CL,1613718040
311,Ushuaia,-68.3,-54.8,42.8,65,75,4.61,AR,1613717976
312,Vaini,-175.2,-21.2,78.8,89,40,8.05,TO,1613718078
313,Tombouctou,-3.0,20.0,67.42,11,56,10.67,ML,1613718214
314,Nikolskoye,30.7861,59.7035,10.0,78,75,2.24,RU,1613718099
315,Pilar,-35.9567,-9.5972,71.6,94,0,5.75,BR,1613718215
316,Sitka,-135.33,57.0531,39.2,81,90,19.57,US,1613718201
317,Sovetskiy,63.5842,61.3614,-13.86,85,11,3.91,RU,1613718216
318,Porohy,24.2632,48.6876,3.2,85,64,4.45,UA,1613718216
319,Punta Arenas,-70.9167,-53.15,46.0,65,100,11.99,CL,1613718040
320,Mezen',44.24,65.8522,-16.82,97,0,2.53,RU,1613718218
321,Cape Town,18.4232,-33.9258,70.0,52,20,17.27,ZA,1613717831
322,Vestmannaeyjar,-20.2734,63.4427,37.4,87,20,12.66,IS,1613718189
323,Atuona,-139.0333,-9.8,79.57,79,31,9.86,PF,1613718084
324,George Town,100.3354,5.4112,93.2,36,20,10.36,MY,1613717847
325,Bengkulu,102.2655,-3.8004,86.45,60,81,10.33,ID,1613718036
326,Ushuaia,-68.3,-54.8,42.8,65,75,4.61,AR,1613717976
327,Rikitea,-134.9692,-23.1203,79.2,69,84,12.1,PF,1613718002
328,North Bend,-124.2243,43.4065,50.0,93,90,6.91,US,1613718224
329,Yumen,97.2,40.2833,52.16,14,0,23.62,CN,1613718038
330,Avarua,-159.775,-21.2078,75.2,100,75,3.44,CK,1613718138
331,Amga,131.9608,60.8953,-11.42,92,100,1.03,RU,1613718226
332,Manta,-80.7333,-0.95,77.0,83,75,6.91,EC,1613718082
333,Nevşehir,34.6667,38.9167,24.8,86,75,3.44,TR,1613718227
334,Vilyuysk,121.6247,63.7553,-13.97,92,100,1.45,RU,1613718227
335,Saint Anthony,-93.218,45.0205,10.4,78,75,3.44,US,1613718228
336,Longyearbyen,15.6401,78.2186,15.8,86,20,11.5,SJ,1613718052
337,Hilo,-155.09,19.7297,71.6,78,1,4.61,US,1613717992
338,Butaritari,172.7902,3.0707,81.3,78,89,15.68,KI,1613718069
339,New Norfolk,147.0587,-42.7826,89.01,27,100,4.0,AU,1613718123
340,Colón,-79.9014,9.3592,75.99,88,2,3.0,PA,1613718231
341,Broome,-75.833,42.2506,23.0,86,90,6.91,US,1613718231
342,Paita,-81.1144,-5.0892,73.15,81,0,5.57,PE,1613718232
343,Bredy,60.3411,52.4153,1.74,86,0,4.83,RU,1613718234
344,Alofi,-169.9187,-19.0595,78.8,83,45,5.75,NU,1613718234
345,Tuktoyaktuk,-133.0374,69.4541,-18.4,76,90,9.22,CA,1613717995
346,Qaanaaq,-69.3632,77.484,-18.6,96,98,7.7,GL,1613718067
347,Kruisfontein,24.7314,-34.0033,73.99,58,0,1.99,ZA,1613718236
348,Fortuna,-124.1573,40.5982,50.0,100,90,10.36,US,1613718118
349,Dhārūr,76.1167,18.8167,66.04,62,97,13.29,IN,1613718237
350,Micheweni,39.8333,-4.9667,82.9,68,17,6.08,TZ,1613718238
351,Fairbanks,-147.7164,64.8378,-0.4,84,90,8.05,US,1613718238
352,Isiro,27.616,2.7739,77.47,63,94,1.48,CD,1613718239
353,Tabou,-7.3528,4.423,76.95,86,95,3.53,CI,1613718239
354,Jingdezhen,117.2079,29.2947,63.59,45,0,6.15,CN,1613718240
355,Tasiilaq,-37.6368,65.6145,21.2,73,90,5.75,GL,1613718189
356,Tongren,109.1853,27.7172,69.33,41,49,1.23,CN,1613718242
357,Brandon,-82.2859,27.9378,72.0,83,1,4.61,US,1613718060
358,Hobart,147.3294,-42.8794,89.01,29,100,16.11,AU,1613717991
359,Saint-Philippe,55.7679,-21.3585,87.8,70,0,8.05,RE,1613718042
360,Povenets,34.8262,62.8487,-5.37,97,94,4.94,RU,1613718244
361,Fortuna,-124.1573,40.5982,50.0,100,90,10.36,US,1613718118
362,Kaoma,24.8,-14.7833,67.42,96,99,4.88,ZM,1613718245
363,Comodoro Rivadavia,-67.5,-45.8667,51.8,62,40,11.5,AR,1613718142
364,Tilichiki,166.1,60.4667,-10.89,87,100,16.93,RU,1613718246
365,Arinos,-46.1056,-15.9169,70.65,95,100,2.66,BR,1613718247
366,Rikitea,-134.9692,-23.1203,79.2,69,84,12.1,PF,1613718002
367,Rikitea,-134.9692,-23.1203,79.2,69,84,12.1,PF,1613718002
368,Mataura,168.8643,-46.1927,59.0,82,100,20.0,NZ,1613718045
369,Carnarvon,113.6333,-24.8667,82.4,61,0,20.71,AU,1613718141
370,Pokhara,83.9833,28.2333,74.95,23,0,5.26,NP,1613717709
371,Ambovombe,46.0833,-25.1667,88.34,61,61,6.26,MG,1613718251
372,Brigantine,-74.3646,39.4101,35.01,93,90,10.36,US,1613718252
373,Xichang,102.2634,27.8964,68.0,21,23,2.51,CN,1613718252
374,Cape Town,18.4232,-33.9258,70.0,52,20,17.27,ZA,1613717831
375,Qaanaaq,-69.3632,77.484,-18.6,96,98,7.7,GL,1613718067
376,Lüderitz,15.1594,-26.6481,66.79,64,0,14.83,NA,1613718254
377,Gamba,10.0,-2.65,78.57,86,0,3.69,GA,1613718255
378,Cape Town,18.4232,-33.9258,70.0,52,20,17.27,ZA,1613717831
379,Mataura,168.8643,-46.1927,59.0,82,100,20.0,NZ,1613718045
380,Lagoa,-27.9833,39.05,57.07,68,100,36.86,PT,1613718201
381,Punta Arenas,-70.9167,-53.15,46.0,65,100,11.99,CL,1613718040
382,The Valley,-63.0578,18.217,77.0,73,20,12.66,AI,1613718187
383,Hobart,147.3294,-42.8794,89.01,29,100,16.11,AU,1613717991
384,Nefteyugansk,72.6035,61.0998,-23.8,76,0,4.47,RU,1613718224
385,Ushuaia,-68.3,-54.8,42.8,65,75,4.61,AR,1613717976
386,Ushuaia,-68.3,-54.8,42.8,65,75,4.61,AR,1613717976
387,Cidreira,-50.2056,-30.1811,67.51,91,8,6.98,BR,1613718119
388,Puerto Ayora,-90.3518,-0.7393,75.99,96,96,5.7,EC,1613718061
389,Busselton,115.3333,-33.65,75.0,46,0,3.0,AU,1613717994
390,Hasaki,140.8333,35.7333,54.0,37,20,8.05,JP,1613718043
391,Atuona,-139.0333,-9.8,79.57,79,31,9.86,PF,1613718084
392,Punta Arenas,-70.9167,-53.15,46.0,65,100,11.99,CL,1613718040
393,Hilo,-155.09,19.7297,71.6,78,1,4.61,US,1613717992
394,Avarua,-159.775,-21.2078,75.2,100,75,3.44,CK,1613718138
395,Hermanus,19.2345,-34.4187,68.0,74,52,1.01,ZA,1613718043
396,Saskylakh,114.0833,71.9167,-19.01,96,100,7.61,RU,1613717999
397,Tuktoyaktuk,-133.0374,69.4541,-18.4,76,90,9.22,CA,1613717995
398,Zhangjiakou Shi Xuanhua Qu,115.0447,40.6103,56.28,21,0,22.97,CN,1613718268
399,Guerrero Negro,-114.0611,27.9769,55.04,37,0,3.65,MX,1613718137
400,Hithadhoo,73.0833,-0.6,83.89,73,81,11.05,MV,1613718269
401,Bambous Virieux,57.7575,-20.3428,82.0,100,75,1.14,MU,1613718059
402,Lebu,-73.65,-37.6167,51.98,76,0,16.11,CL,1613718052
403,Hermanus,19.2345,-34.4187,68.0,74,52,1.01,ZA,1613718043
404,Vil’ne,34.8139,47.6365,10.4,79,0,11.18,UA,1613718271
405,Rikitea,-134.9692,-23.1203,79.2,69,84,12.1,PF,1613718002
406,Dikson,80.5464,73.5069,-30.8,91,0,11.61,RU,1613718037
407,Tākestān,49.6959,36.0696,41.0,48,0,2.3,IR,1613718273
408,Atuona,-139.0333,-9.8,79.57,79,31,9.86,PF,1613718084
409,Mar del Plata,-57.5575,-38.0023,66.99,88,0,6.91,AR,1613717950
410,Vaini,-175.2,-21.2,78.8,89,40,8.05,TO,1613718078
411,Ushuaia,-68.3,-54.8,42.8,65,75,4.61,AR,1613717976
412,Rikitea,-134.9692,-23.1203,79.2,69,84,12.1,PF,1613718002
413,San Andrés,-81.7006,12.5847,80.6,78,20,11.5,CO,1613718027
414,Hermanus,19.2345,-34.4187,68.0,74,52,1.01,ZA,1613718043
415,Conceição do Araguaia,-49.2647,-8.2578,70.12,99,100,3.2,BR,1613718277
416,Saint-Philippe,55.7679,-21.3585,87.8,70,0,8.05,RE,1613718042
417,Taoudenni,-3.9836,22.6783,68.29,13,50,9.73,ML,1613718131
418,Ancud,-73.8203,-41.8697,45.0,93,75,5.75,CL,1613718047
419,Oktyabr'skoye,44.7417,43.0645,14.0,92,90,2.86,RU,1613718280
420,Bengkulu,102.2655,-3.8004,86.45,60,81,10.33,ID,1613718036
421,Fareydūnshahr,50.121,32.941,25.43,49,0,5.88,IR,1613718281
422,Giohar,45.5005,2.7809,86.81,47,1,14.5,SO,1613718283
423,Bambous Virieux,57.7575,-20.3428,82.0,100,75,1.14,MU,1613718059
424,Ushuaia,-68.3,-54.8,42.8,65,75,4.61,AR,1613717976
425,Mataura,168.8643,-46.1927,59.0,82,100,20.0,NZ,1613718045
426,Bontang,117.5,0.1333,84.07,71,31,8.39,ID,1613718285
427,Palmer,-72.3287,42.1584,26.01,93,90,8.05,US,1613718076
428,Ushuaia,-68.3,-54.8,42.8,65,75,4.61,AR,1613717976
429,Punta Arenas,-70.9167,-53.15,46.0,65,100,11.99,CL,1613718040
430,Airai,125.4092,-8.9266,67.86,83,96,3.89,TL,1613718141
431,Jacareacanga,-57.7528,-6.2222,70.97,98,75,1.43,BR,1613718288
432,Abalak,68.5944,58.1286,-12.12,92,100,6.49,RU,1613718288
433,Rio Claro,-47.5614,-22.4114,70.0,83,0,1.39,BR,1613718289
434,Muros,-9.0603,42.7762,57.0,78,100,21.0,ES,1613718289
435,Butaritari,172.7902,3.0707,81.3,78,89,15.68,KI,1613718069
436,São Filipe,-24.4956,14.8961,69.48,73,0,10.42,CV,1613718291
437,Ushuaia,-68.3,-54.8,42.8,65,75,4.61,AR,1613717976
438,Shingū,135.9833,33.7333,44.6,53,20,8.05,JP,1613718292
439,Ushuaia,-68.3,-54.8,42.8,65,75,4.61,AR,1613717976
440,Nīlēshwar,75.1,12.25,86.05,54,88,7.47,IN,1613718293
441,Poyarkovo,128.6833,49.6,7.97,89,100,5.19,RU,1613718293
442,Rikitea,-134.9692,-23.1203,79.2,69,84,12.1,PF,1613718002
443,Atuona,-139.0333,-9.8,79.57,79,31,9.86,PF,1613718084
444,Nara,135.8049,34.6851,51.01,49,20,12.66,JP,1613718085
445,Faanui,-151.75,-16.4833,81.52,75,6,13.6,PF,1613718296
446,Puerto Escondido,-97.0667,15.85,70.74,79,23,4.47,MX,1613718296
447,Raudeberg,5.1352,61.9875,44.01,66,2,19.1,NO,1613718297
448,Berlevåg,29.0864,70.8578,17.6,62,75,11.5,NO,1613718108
449,Dingcheng,115.0394,32.1272,70.81,31,0,14.74,CN,1613718298
450,Port Elizabeth,25.5701,-33.918,68.0,77,0,6.91,ZA,1613718086
451,Butaritari,172.7902,3.0707,81.3,78,89,15.68,KI,1613718069
452,Antalaha,50.2788,-14.9003,86.34,66,52,6.85,MG,1613718300
453,Isangel,169.2667,-19.55,86.0,74,75,4.85,VU,1613718300
454,St. George's,-61.7485,12.0564,77.0,83,20,23.02,GD,1613718301
455,Ushuaia,-68.3,-54.8,42.8,65,75,4.61,AR,1613717976
456,Butaritari,172.7902,3.0707,81.3,78,89,15.68,KI,1613718069
457,Hasaki,140.8333,35.7333,54.0,37,20,8.05,JP,1613718043
458,Bluff,168.3333,-46.6,59.0,82,100,20.0,NZ,1613718304
459,Svetlaya,138.3297,46.5389,24.53,65,34,5.08,RU,1613718304
460,Nikolskoye,30.7861,59.7035,10.0,78,75,2.24,RU,1613718099
461,Makat,53.3463,47.6469,11.75,66,94,6.15,KZ,1613718306
462,Cabo San Lucas,-109.9124,22.8909,60.01,63,0,5.99,MX,1613718119
463,Mataura,168.8643,-46.1927,59.0,82,100,20.0,NZ,1613718045
464,Sur,59.5289,22.5667,82.8,23,2,8.97,OM,1613718308
465,Rikitea,-134.9692,-23.1203,79.2,69,84,12.1,PF,1613718002
466,Saint-Philippe,55.7679,-21.3585,87.8,70,0,8.05,RE,1613718042
467,Norman Wells,-126.8329,65.282,-5.8,84,75,5.75,CA,1613718111
468,Busselton,115.3333,-33.65,75.0,46,0,3.0,AU,1613717994
469,Port-Gentil,8.7815,-0.7193,78.8,78,20,8.05,GA,1613718208
470,Busselton,115.3333,-33.65,75.0,46,0,3.0,AU,1613717994
471,Flin Flon,-101.865,54.7682,-6.3,98,97,6.31,CA,1613718312
472,Arraial do Cabo,-42.0278,-22.9661,76.6,80,13,5.14,BR,1613718313
473,Butaritari,172.7902,3.0707,81.3,78,89,15.68,KI,1613718069
474,Busselton,115.3333,-33.65,75.0,46,0,3.0,AU,1613717994
475,Belyy Yar,91.3903,53.6039,21.2,79,100,11.18,RU,1613718098
476,Avarua,-159.775,-21.2078,75.2,100,75,3.44,CK,1613718138
477,Roald,6.1333,62.5833,44.6,61,0,12.66,NO,1613718316
478,Rikitea,-134.9692,-23.1203,79.2,69,84,12.1,PF,1613718002
479,Cockburn Town,-71.1419,21.4612,77.65,77,3,22.77,TC,1613718317
480,Paratinga,-43.1842,-12.6906,68.58,96,100,2.93,BR,1613718318
481,Carnarvon,113.6333,-24.8667,82.4,61,0,20.71,AU,1613718141
482,Bredasdorp,20.0403,-34.5322,62.6,94,75,3.44,ZA,1613718027
483,Vitim,112.5578,59.4511,-1.14,83,100,7.05,RU,1613718319
484,Kaitangata,169.8464,-46.2817,62.35,57,100,3.76,NZ,1613718320
485,Anloga,0.8973,5.7947,78.8,89,20,3.44,GH,1613718321
486,Santa Fe,-60.7,-31.6333,72.0,52,0,3.0,AR,1613718033
487,Katsuura,140.3,35.1333,53.6,37,20,16.11,JP,1613718105
488,Bredasdorp,20.0403,-34.5322,62.6,94,75,3.44,ZA,1613718027
489,São João da Barra,-41.0511,-21.6403,75.67,92,70,9.89,BR,1613718324
490,Hobart,147.3294,-42.8794,89.01,29,100,16.11,AU,1613717991
491,Mahébourg,57.7,-20.4081,77.0,100,75,1.14,MU,1613718326
492,Busselton,115.3333,-33.65,75.0,46,0,3.0,AU,1613717994
493,Philadelphia,-75.1638,39.9523,28.99,93,90,13.8,US,1613718262
494,Mataura,168.8643,-46.1927,59.0,82,100,20.0,NZ,1613718045
495,Chandauli,83.2667,25.2667,80.6,41,0,3.44,IN,1613718328
496,Atbasar,68.3333,51.8,-2.0,89,45,9.42,KZ,1613718329
497,Narasapuram,81.6667,16.45,87.19,45,26,8.46,IN,1613718329
498,Shīeli,66.75,44.1667,31.53,85,100,13.09,KZ,1613718330
499,Brae,-1.353,60.3964,42.8,87,20,17.27,GB,1613718063
500,Bambous Virieux,57.7575,-20.3428,82.0,100,75,1.14,MU,1613718059
501,Punta Arenas,-70.9167,-53.15,46.0,65,100,11.99,CL,1613718040
502,Upernavik,-56.1549,72.7868,-15.23,93,100,4.34,GL,1613718332
503,Punta Arenas,-70.9167,-53.15,46.0,65,100,11.99,CL,1613718040
504,Hermanus,19.2345,-34.4187,68.0,74,52,1.01,ZA,1613718043
505,Departamento de Maldonado,-54.9167,-34.6667,64.4,94,20,4.47,UY,1613718058
506,Ormond Beach,-81.0559,29.2858,73.0,78,20,4.61,US,1613718255
507,Faanui,-151.75,-16.4833,81.52,75,6,13.6,PF,1613718296
508,Hilo,-155.09,19.7297,71.6,78,1,4.61,US,1613717992
509,Port Alfred,26.891,-33.5906,71.01,80,92,1.01,ZA,1613718152
510,Nikolskoye,30.7861,59.7035,10.0,78,75,2.24,RU,1613718099
511,Qaanaaq,-69.3632,77.484,-18.6,96,98,7.7,GL,1613718067
512,Cidreira,-50.2056,-30.1811,67.51,91,8,6.98,BR,1613718119
513,Faya,42.4509,18.3851,59.0,72,40,12.66,SA,1613718339
514,Mataura,168.8643,-46.1927,59.0,82,100,20.0,NZ,1613718045
515,Lüderitz,15.1594,-26.6481,66.79,64,0,14.83,NA,1613718254
516,Yellowknife,-114.3525,62.456,-4.0,77,75,8.05,CA,1613718076
517,Gubkinskiy,76.5026,64.434,-20.99,93,96,4.43,RU,1613718342
518,Qaanaaq,-69.3632,77.484,-18.6,96,98,7.7,GL,1613718067
519,Busselton,115.3333,-33.65,75.0,46,0,3.0,AU,1613717994
520,Punta Arenas,-70.9167,-53.15,46.0,65,100,11.99,CL,1613718040
521,Atuona,-139.0333,-9.8,79.57,79,31,9.86,PF,1613718084
522,Vaini,-175.2,-21.2,78.8,89,40,8.05,TO,1613718078
523,Grindavik,-22.4338,63.8424,32.0,93,0,10.36,IS,1613718346
524,Saint Paul Harbor,-152.4072,57.79,35.6,55,1,12.66,US,1613718163
525,Pisco,-76.2167,-13.7,68.0,83,0,6.91,PE,1613718347
526,Ribeira Grande,-28.7,38.5167,57.97,70,100,31.61,PT,1613717992
527,Hobart,147.3294,-42.8794,89.01,29,100,16.11,AU,1613717991
528,Millville,-75.0393,39.4021,30.2,93,90,11.5,US,1613718349
529,San Patricio,-97.5169,28.017,37.4,75,75,12.66,US,1613718349
530,Port Elizabeth,25.5701,-33.918,68.0,77,0,6.91,ZA,1613718086
531,Pangnirtung,-65.7125,66.1451,-22.0,76,75,3.44,CA,1613718351
532,Kenai,-151.2583,60.5544,27.0,100,90,4.03,US,1613718351
533,Novovasylivka,35.7536,46.8315,23.61,74,31,15.57,UA,1613718352
534,Murdochville,-65.5006,48.9583,17.6,57,0,11.5,CA,1613718352
535,Sørland,12.6934,67.667,33.8,75,0,27.63,NO,1613718353
536,Cabo San Lucas,-109.9124,22.8909,60.01,63,0,5.99,MX,1613718119
537,Bethel,-73.414,41.3712,25.0,86,100,4.61,US,1613718136
538,Laguna,-121.4238,38.421,55.0,54,90,3.44,US,1613718098
539,Dikson,80.5464,73.5069,-30.8,91,0,11.61,RU,1613718037
540,Souillac,57.5167,-20.5167,77.0,100,75,1.14,MU,1613718190
541,Kaeo,173.7833,-35.1,66.99,73,23,1.99,NZ,1613718356
542,Ushuaia,-68.3,-54.8,42.8,65,75,4.61,AR,1613717976
543,Peniche,-9.3811,39.3558,57.99,87,24,10.0,PT,1613718358
544,Albany,-73.9662,42.6001,23.0,73,100,1.99,US,1613718210
545,Pevek,170.3133,69.7008,-25.62,96,0,2.86,RU,1613718359
546,Port Hardy,-127.4199,50.6996,41.0,100,75,5.75,CA,1613718360
547,Narsaq,-46.05,60.9167,24.8,30,36,18.41,GL,1613718189
548,Hermanus,19.2345,-34.4187,68.0,74,52,1.01,ZA,1613718043
549,Busselton,115.3333,-33.65,75.0,46,0,3.0,AU,1613717994
550,Qaanaaq,-69.3632,77.484,-18.6,96,98,7.7,GL,1613718067
551,Hobart,147.3294,-42.8794,89.01,29,100,16.11,AU,1613717991
552,Hong Kong,114.1577,22.2855,73.99,46,100,11.01,HK,1613717899
553,Touros,-35.4608,-5.1989,73.4,94,40,2.3,BR,1613718057
554,Hobart,147.3294,-42.8794,89.01,29,100,16.11,AU,1613717991
555,Jamestown,-79.2353,42.097,24.01,86,90,5.75,US,1613717813
556,Bluff,168.3333,-46.6,59.0,82,100,20.0,NZ,1613718304
557,Aktobe,57.2072,50.2797,-5.8,77,40,6.71,KZ,1613718366
558,Middle Island,-72.9373,40.8843,30.99,86,90,5.75,US,1613718367
559,Port Alfred,26.891,-33.5906,71.01,80,92,1.01,ZA,1613718152
560,Sangar,127.4739,63.9242,-12.15,90,100,1.32,RU,1613718368
561,Mataura,168.8643,-46.1927,59.0,82,100,20.0,NZ,1613718045
562,Mataura,168.8643,-46.1927,59.0,82,100,20.0,NZ,1613718045
563,Kaitangata,169.8464,-46.2817,62.35,57,100,3.76,NZ,1613718320
564,Gizo Government Station,156.8419,-8.103,83.68,75,91,5.3,SB,1613718371
565,Chui,-53.4616,-33.6971,62.31,93,0,4.03,UY,1613718085
566,Hilo,-155.09,19.7297,71.6,78,1,4.61,US,1613717992
567,Kloulklubed,134.2556,7.0419,78.8,89,90,9.22,PW,1613718373
568,Ushuaia,-68.3,-54.8,42.8,65,75,4.61,AR,1613717976
569,San Alejo,-87.9631,13.4314,75.6,75,80,2.15,SV,1613718374
570,Northam,-4.2167,51.0333,48.99,91,100,17.0,GB,1613718375
571,Pevek,170.3133,69.7008,-25.62,96,0,2.86,RU,1613718359
572,East London,27.9116,-33.0153,68.0,83,75,2.3,ZA,1613718129
573,Saint-Philippe,55.7679,-21.3585,87.8,70,0,8.05,RE,1613718042
574,Mataura,168.8643,-46.1927,59.0,82,100,20.0,NZ,1613718045
575,Arraial do Cabo,-42.0278,-22.9661,76.6,80,13,5.14,BR,1613718313
576,Berlevåg,29.0864,70.8578,17.6,62,75,11.5,NO,1613718108
577,Muncar,114.3333,-8.4333,84.11,74,98,2.53,ID,1613718379
578,High Level,-117.136,58.5169,6.8,85,1,2.3,CA,1613718379
579,Yellowknife,-114.3525,62.456,-4.0,77,75,8.05,CA,1613718076
580,Port Alfred,26.891,-33.5906,71.01,80,92,1.01,ZA,1613718152
581,Mar del Plata,-57.5575,-38.0023,66.99,88,0,6.91,AR,1613717950
582,Mount Gambier,140.7667,-37.8333,86.0,28,99,23.02,AU,1613718383
583,Yellowknife,-114.3525,62.456,-4.0,77,75,8.05,CA,1613718076
584,Fortuna,-124.1573,40.5982,50.0,100,90,10.36,US,1613718118
585,Severo-Kuril'sk,156.125,50.6789,30.88,78,23,14.07,RU,1613718070
586,Vaini,-175.2,-21.2,78.8,89,40,8.05,TO,1613718078
587,Kapaa,-159.319,22.0752,73.4,83,75,11.5,US,1613718103
588,Bakel,-12.4568,14.905,83.03,16,94,5.59,SN,1613718386
589,Tiznit Province,-9.5,29.5833,51.21,31,0,1.05,MA,1613718387
590,Barroso,-43.9758,-21.1869,63.68,98,21,2.95,BR,1613718175
591,Tuatapere,167.6833,-46.1333,59.0,82,100,20.0,NZ,1613718388
592,Busselton,115.3333,-33.65,75.0,46,0,3.0,AU,1613717994
593,Salalah,54.0924,17.0151,78.8,53,40,9.22,OM,1613718389
594,Punta Arenas,-70.9167,-53.15,46.0,65,100,11.99,CL,1613718040
595,Port Moresby,147.1797,-9.4431,78.78,80,100,9.44,PG,1613718392
596,Punta Arenas,-70.9167,-53.15,46.0,65,100,11.99,CL,1613718040
597,Busselton,115.3333,-33.65,75.0,46,0,3.0,AU,1613717994
598,Hobart,147.3294,-42.8794,89.01,29,100,16.11,AU,1613717991
599,Airai,125.4092,-8.9266,67.86,83,96,3.89,TL,1613718141
600,Bengkulu,102.2655,-3.8004,86.45,60,81,10.33,ID,1613718036
601,Aden,45.0367,12.7794,74.97,79,100,8.93,YE,1613718224
602,Punta Arenas,-70.9167,-53.15,46.0,65,100,11.99,CL,1613718040
603,Bredasdorp,20.0403,-34.5322,62.6,94,75,3.44,ZA,1613718027
604,Butaritari,172.7902,3.0707,81.3,78,89,15.68,KI,1613718069
605,Camocim,-40.8411,-2.9022,76.01,91,100,7.05,BR,1613718397
606,Mataura,168.8643,-46.1927,59.0,82,100,20.0,NZ,1613718045
607,Ambon City,128.1814,-3.6954,87.8,66,40,11.5,ID,1613718398
608,Mataura,168.8643,-46.1927,59.0,82,100,20.0,NZ,1613718045
609,Punta Arenas,-70.9167,-53.15,46.0,65,100,11.99,CL,1613718040
610,San Miguel de Cozumel,-86.9458,20.5083,78.01,83,40,4.61,MX,1613718320
611,Ushuaia,-68.3,-54.8,42.8,65,75,4.61,AR,1613717976
612,Husavik,-17.3389,66.0449,24.8,86,90,9.4,IS,1613718402
613,Lompoc,-120.4579,34.6391,48.99,70,1,3.44,US,1613718078
614,Ahipara,173.1667,-35.1667,64.71,75,49,0.6,NZ,1613718045
615,Cedar City,-113.0619,37.6775,26.01,68,90,2.93,US,1613718385
616,Inta,60.1659,66.0317,-18.53,96,95,6.11,RU,1613718405
617,Brigantine,-74.3646,39.4101,35.01,93,90,10.36,US,1613718252
618,Katherine,132.2667,-14.4667,78.8,94,75,5.75,AU,1613718406
619,Torbay,-52.7314,47.6666,19.0,86,1,12.66,CA,1613718151
620,Saskylakh,114.0833,71.9167,-19.01,96,100,7.61,RU,1613717999
621,Atuona,-139.0333,-9.8,79.57,79,31,9.86,PF,1613718084
622,Ayan,138.1667,56.45,6.87,77,100,2.06,RU,1613718408
623,Cape Town,18.4232,-33.9258,70.0,52,20,17.27,ZA,1613717831
624,Malbork,19.0266,54.0359,21.99,87,100,7.0,PL,1613718409
625,Rikitea,-134.9692,-23.1203,79.2,69,84,12.1,PF,1613718002
626,Kahului,-156.47,20.8947,73.4,73,40,8.05,US,1613718140
627,Ribeira Grande,-28.7,38.5167,57.97,70,100,31.61,PT,1613717992
628,Río Gallegos,-69.2181,-51.6226,41.0,70,40,10.36,AR,1613718412
629,Ushuaia,-68.3,-54.8,42.8,65,75,4.61,AR,1613717976
630,Mataura,168.8643,-46.1927,59.0,82,100,20.0,NZ,1613718045
631,Veinticinco de Mayo,-60.1727,-35.4323,70.0,64,93,8.01,AR,1613718414
632,Hilo,-155.09,19.7297,71.6,78,1,4.61,US,1613717992
633,Nuuk,-51.7216,64.1835,6.8,92,75,16.11,GL,1613718416
634,East London,27.9116,-33.0153,68.0,83,75,2.3,ZA,1613718129
635,Safranbolu,32.6942,41.2508,29.77,88,95,6.2,TR,1613718417
636,Cape Town,18.4232,-33.9258,70.0,52,20,17.27,ZA,1613717831
637,Bilma,12.9164,18.6853,56.5,24,0,6.13,NE,1613718418
638,Turkmenabat,63.5786,39.0733,42.8,75,90,16.11,TM,1613718418
639,Hermanus,19.2345,-34.4187,68.0,74,52,1.01,ZA,1613718043
640,Atuona,-139.0333,-9.8,79.57,79,31,9.86,PF,1613718084
641,Bambous Virieux,57.7575,-20.3428,82.0,100,75,1.14,MU,1613718059
642,Avarua,-159.775,-21.2078,75.2,100,75,3.44,CK,1613718138
643,Jamestown,-79.2353,42.097,24.01,86,90,5.75,US,1613717813
644,Tuatapere,167.6833,-46.1333,59.0,82,100,20.0,NZ,1613718388
645,Bluff,168.3333,-46.6,59.0,82,100,20.0,NZ,1613718304
646,Port Alfred,26.891,-33.5906,71.01,80,92,1.01,ZA,1613718152
647,Ushuaia,-68.3,-54.8,42.8,65,75,4.61,AR,1613717976
648,Punta Arenas,-70.9167,-53.15,46.0,65,100,11.99,CL,1613718040
649,Fangshan,115.9925,39.6983,61.0,20,20,1.99,CN,1613718426
650,Necochea,-58.7368,-38.5473,67.78,64,0,10.33,AR,1613718426
651,Kawalu,108.2082,-7.3817,75.81,90,96,4.0,ID,1613718428
652,Albany,-73.9662,42.6001,23.0,73,100,1.99,US,1613718210
653,East London,27.9116,-33.0153,68.0,83,75,2.3,ZA,1613718129
654,Constitución,-72.4167,-35.3333,56.79,88,0,5.59,CL,1613718088
655,Kapaa,-159.319,22.0752,73.4,83,75,11.5,US,1613718103
656,Port Augusta,137.7667,-32.5,100.99,61,24,18.41,AU,1613718430
657,Caravelas,-39.2481,-17.7125,78.17,84,100,10.71,BR,1613718090
658,Hasaki,140.8333,35.7333,54.0,37,20,8.05,JP,1613718043
659,Bredasdorp,20.0403,-34.5322,62.6,94,75,3.44,ZA,1613718027
660,Isangel,169.2667,-19.55,86.0,74,75,4.85,VU,1613718300
661,Rikitea,-134.9692,-23.1203,79.2,69,84,12.1,PF,1613718002
662,Codrington,141.9667,-38.2667,77.58,49,100,19.71,AU,1613718434
663,Pierrelatte,4.702,44.3776,46.99,93,90,2.3,FR,1613718434
664,Tihemetsa,25.0459,58.1462,4.5,87,80,6.6,EE,1613718435
665,Cairns,145.7667,-16.9167,78.01,88,75,9.22,AU,1613718436
666,Atuona,-139.0333,-9.8,79.57,79,31,9.86,PF,1613718084
667,Ancud,-73.8203,-41.8697,45.0,93,75,5.75,CL,1613718047
668,Bethel,-73.414,41.3712,25.0,86,100,4.61,US,1613718136
669,Tanabe,135.3667,33.7333,44.6,53,20,8.05,JP,1613718140
670,Jamestown,-79.2353,42.097,24.01,86,90,5.75,US,1613717813
671,Rocha,-54.3333,-34.4833,60.93,89,0,3.78,UY,1613718439
672,Rikitea,-134.9692,-23.1203,79.2,69,84,12.1,PF,1613718002
673,Busselton,115.3333,-33.65,75.0,46,0,3.0,AU,1613717994
674,Hithadhoo,73.0833,-0.6,83.89,73,81,11.05,MV,1613718269
675,Bluff,168.3333,-46.6,59.0,82,100,20.0,NZ,1613718304
676,Turukhansk,87.9833,65.8167,-20.51,86,100,3.76,RU,1613718443
677,Port Elizabeth,25.5701,-33.918,68.0,77,0,6.91,ZA,1613718086
678,Faanui,-151.75,-16.4833,81.52,75,6,13.6,PF,1613718296
679,Saskylakh,114.0833,71.9167,-19.01,96,100,7.61,RU,1613717999
680,Mar del Plata,-57.5575,-38.0023,66.99,88,0,6.91,AR,1613717950
681,Vila Franca do Campo,-25.4333,37.7167,59.0,77,40,23.02,PT,1613718446
682,Busselton,115.3333,-33.65,75.0,46,0,3.0,AU,1613717994
683,Atuona,-139.0333,-9.8,79.57,79,31,9.86,PF,1613718084
684,Mar del Plata,-57.5575,-38.0023,66.99,88,0,6.91,AR,1613717950
685,Port Elizabeth,25.5701,-33.918,68.0,77,0,6.91,ZA,1613718086
686,Te Anau,167.7167,-45.4167,66.06,54,3,3.87,NZ,1613718098
687,Tura,90.2201,25.5198,85.03,21,78,6.87,IN,1613718450
688,Hofn,-15.2082,64.2539,38.91,78,100,10.54,IS,1613718451
689,Bluff,168.3333,-46.6,59.0,82,100,20.0,NZ,1613718304
690,Atuona,-139.0333,-9.8,79.57,79,31,9.86,PF,1613718084
691,Vaini,-175.2,-21.2,78.8,89,40,8.05,TO,1613718078
692,New Norfolk,147.0587,-42.7826,89.01,27,100,4.0,AU,1613718123
693,Lüderitz,15.1594,-26.6481,66.79,64,0,14.83,NA,1613718254
694,Coahuayana Viejo,-103.6833,18.7333,62.74,92,6,3.2,MX,1613718455
695,Saldanha,17.9442,-33.0117,60.8,82,0,5.75,ZA,1613718018
696,Jalu,21.5482,29.0331,54.66,56,0,2.37,LY,1613718095
697,Bitung,125.1824,1.4451,78.8,89,40,10.36,ID,1613718457
698,Fortuna,-124.1573,40.5982,50.0,100,90,10.36,US,1613718118
699,Rikitea,-134.9692,-23.1203,79.2,69,84,12.1,PF,1613718002
700,Pokhara,83.9833,28.2333,74.95,23,0,5.26,NP,1613717709
701,Punta Arenas,-70.9167,-53.15,46.0,65,100,11.99,CL,1613718040
702,Ballina,153.5667,-28.8667,77.0,83,40,11.5,AU,1613718460
703,Lavrentiya,-171.0,65.5833,-17.63,91,0,3.4,RU,1613718460
704,Tiksi,128.8694,71.6872,-22.83,100,100,6.96,RU,1613718030
705,Port Alfred,26.891,-33.5906,71.01,80,92,1.01,ZA,1613718152
706,Hilo,-155.09,19.7297,71.6,78,1,4.61,US,1613717992
707,Guerrero Negro,-114.0611,27.9769,55.04,37,0,3.65,MX,1613718137
708,San-Pédro,-6.6363,4.7485,75.61,90,90,3.27,CI,1613718463
709,New Norfolk,147.0587,-42.7826,89.01,27,100,4.0,AU,1613718123
710,Ancud,-73.8203,-41.8697,45.0,93,75,5.75,CL,1613718047
711,Cape Town,18.4232,-33.9258,70.0,52,20,17.27,ZA,1613717831
712,Anadyr,177.4833,64.75,-27.4,75,0,4.47,RU,1613718466
713,Bluff,168.3333,-46.6,59.0,82,100,20.0,NZ,1613718304
714,Mataura,168.8643,-46.1927,59.0,82,100,20.0,NZ,1613718045
715,Fort Nelson,-122.7002,58.8053,3.2,85,75,2.3,CA,1613718467
716,Chokurdakh,147.9167,70.6333,-28.89,94,0,4.54,RU,1613718162
717,Vestmanna,-7.1664,62.1564,39.2,100,75,6.91,FO,1613718468
718,Jamestown,-79.2353,42.097,24.01,86,90,5.75,US,1613717813
719,San Policarpo,125.5072,12.1791,78.15,71,100,22.82,PH,1613718470
720,Ushuaia,-68.3,-54.8,42.8,65,75,4.61,AR,1613717976
721,Butaritari,172.7902,3.0707,81.3,78,89,15.68,KI,1613718069
722,Leningradskiy,178.4167,69.3833,-18.4,75,0,5.95,RU,1613718471
723,Qaanaaq,-69.3632,77.484,-18.6,96,98,7.7,GL,1613718067
724,Vaini,-175.2,-21.2,78.8,89,40,8.05,TO,1613718078
725,Ostrovnoy,39.5131,68.0531,2.59,92,100,3.33,RU,1613718474
726,Dikson,80.5464,73.5069,-30.8,91,0,11.61,RU,1613718037
727,Sarangani,125.4636,5.4033,83.41,66,100,1.68,PH,1613718475
728,Mataura,168.8643,-46.1927,59.0,82,100,20.0,NZ,1613718045
729,Esperance,121.9,-33.8667,69.8,56,90,12.66,AU,1613718089
730,Hobart,147.3294,-42.8794,89.01,29,100,16.11,AU,1613717991
731,Atuona,-139.0333,-9.8,79.57,79,31,9.86,PF,1613718084
732,Tabou,-7.3528,4.423,76.95,86,95,3.53,CI,1613718239
733,Carutapera,-46.02,-1.195,73.81,92,100,1.92,BR,1613718073
734,Port Lincoln,135.8667,-34.7333,68.04,74,94,17.36,AU,1613718174
735,Butaritari,172.7902,3.0707,81.3,78,89,15.68,KI,1613718069
736,Avarua,-159.775,-21.2078,75.2,100,75,3.44,CK,1613718138
737,Saint Paul Harbor,-152.4072,57.79,35.6,55,1,12.66,US,1613718163
738,Hobart,147.3294,-42.8794,89.01,29,100,16.11,AU,1613717991
739,Mataura,168.8643,-46.1927,59.0,82,100,20.0,NZ,1613718045
740,Punta Arenas,-70.9167,-53.15,46.0,65,100,11.99,CL,1613718040
741,Rosarito,-117.0333,32.3333,55.4,57,1,4.61,MX,1613718194
742,Lorengau,147.2712,-2.0226,84.96,75,100,8.59,PG,1613718484
743,Praia da Vitória,-27.0667,38.7333,55.99,76,75,26.62,PT,1613718485
744,Ushuaia,-68.3,-54.8,42.8,65,75,4.61,AR,1613717976
745,Copiapó,-70.3333,-27.3667,59.0,88,90,2.3,CL,1613718486
746,Peleduy,112.7406,59.6289,-1.61,84,100,7.36,RU,1613718487
747,Upernavik,-56.1549,72.7868,-15.23,93,100,4.34,GL,1613718332
748,Busselton,115.3333,-33.65,75.0,46,0,3.0,AU,1613717994
749,Punta Arenas,-70.9167,-53.15,46.0,65,100,11.99,CL,1613718040
750,Vardø,31.1107,70.3705,15.8,79,40,12.66,NO,1613717997
751,Atuona,-139.0333,-9.8,79.57,79,31,9.86,PF,1613718084
752,Albany,-73.9662,42.6001,23.0,73,100,1.99,US,1613718210
753,Oak Ridge,-84.2696,36.0104,36.0,80,90,3.44,US,1613718492
754,Lebu,-73.65,-37.6167,51.98,76,0,16.11,CL,1613718052
755,Umluj,37.2685,25.0213,65.77,42,0,11.99,SA,1613718336
756,Aklavik,-135.0107,68.2191,-18.4,69,100,9.22,CA,1613718494
757,Saint-Philippe,55.7679,-21.3585,87.8,70,0,8.05,RE,1613718042
758,Praia,-23.5087,14.9215,68.0,77,0,17.27,CV,1613718495
759,Mataura,168.8643,-46.1927,59.0,82,100,20.0,NZ,1613718045
760,Mossamedes,12.1522,-15.1961,72.64,71,4,8.43,AO,1613718211
761,Bluff,168.3333,-46.6,59.0,82,100,20.0,NZ,1613718304
762,Olafsvik,-23.7142,64.8945,35.28,78,96,11.21,IS,1613718497
763,Ancud,-73.8203,-41.8697,45.0,93,75,5.75,CL,1613718047
764,Tasiilaq,-37.6368,65.6145,21.2,73,90,5.75,GL,1613718189
765,Lüderitz,15.1594,-26.6481,66.79,64,0,14.83,NA,1613718254
766,Atuona,-139.0333,-9.8,79.57,79,31,9.86,PF,1613718084
767,Adrar,-10.0711,20.5022,62.26,21,0,2.26,MR,1613718500
768,Klaksvík,-6.589,62.2266,39.2,100,75,6.91,FO,1613718022
769,Hilo,-155.09,19.7297,71.6,78,1,4.61,US,1613717992
770,Sampit,112.95,-2.5333,92.48,46,93,3.36,ID,1613718502
771,Martapura,114.85,-3.4167,89.6,62,40,2.3,ID,1613718502
772,Kulhudhuffushi,73.07,6.6221,82.18,66,77,5.95,MV,1613718503
773,Bambous Virieux,57.7575,-20.3428,82.0,100,75,1.14,MU,1613718059
774,Cururupu,-44.8683,-1.8283,73.71,96,100,1.86,BR,1613718407
775,Ushuaia,-68.3,-54.8,42.8,65,75,4.61,AR,1613717976
776,Bathsheba,-59.5167,13.2167,77.0,65,40,25.32,BB,1613718507
777,Cape Town,18.4232,-33.9258,70.0,52,20,17.27,ZA,1613717831
778,Mahébourg,57.7,-20.4081,77.0,100,75,1.14,MU,1613718326
779,Punta Arenas,-70.9167,-53.15,46.0,65,100,11.99,CL,1613718040
780,Quatre Cocos,57.7625,-20.2078,82.0,100,75,1.14,MU,1613718510
781,Port Elizabeth,25.5701,-33.918,68.0,77,0,6.91,ZA,1613718086
782,Adré,22.2,13.4667,58.37,16,0,20.02,TD,1613718511
783,Carnarvon,113.6333,-24.8667,82.4,61,0,20.71,AU,1613718141
784,Bredasdorp,20.0403,-34.5322,62.6,94,75,3.44,ZA,1613718027
785,Reconquista,-59.65,-29.15,65.3,55,0,4.68,AR,1613718513
786,Deputatsky,139.9,69.3,-28.79,99,94,2.24,RU,1613718513
787,Castro,-50.0119,-24.7911,53.47,83,0,1.54,BR,1613718081
788,São Filipe,-24.4956,14.8961,69.48,73,0,10.42,CV,1613718291
789,Dunedin,170.5036,-45.8742,62.01,74,100,5.99,NZ,1613718516
790,Vaini,-175.2,-21.2,78.8,89,40,8.05,TO,1613718078
791,Torbay,-52.7314,47.6666,19.0,86,1,12.66,CA,1613718151
792,Port Alfred,26.891,-33.5906,71.01,80,92,1.01,ZA,1613718152
793,Ponta do Sol,-17.1,32.6667,59.0,72,20,4.61,PT,1613718209
794,Mataura,168.8643,-46.1927,59.0,82,100,20.0,NZ,1613718045
795,Tombouctou,-3.0,20.0,67.42,11,56,10.67,ML,1613718214
796,Ekhabi,142.9671,53.5102,5.38,93,100,15.61,RU,1613718520
797,Ushuaia,-68.3,-54.8,42.8,65,75,4.61,AR,1613717976
798,Saskylakh,114.0833,71.9167,-19.01,96,100,7.61,RU,1613717999
799,São Filipe,-24.4956,14.8961,69.48,73,0,10.42,CV,1613718291
800,Faanui,-151.75,-16.4833,81.52,75,6,13.6,PF,1613718296
801,Rikitea,-134.9692,-23.1203,79.2,69,84,12.1,PF,1613718002
802,Khatanga,102.5,71.9667,-24.56,97,83,1.19,RU,1613718524
803,Pacific Grove,-121.9166,36.6177,48.0,87,1,3.33,US,1613718524
804,Provideniya,-173.3,64.3833,-4.0,84,20,4.47,RU,1613718525
805,Port Alfred,26.891,-33.5906,71.01,80,92,1.01,ZA,1613718152
806,São João da Barra,-41.0511,-21.6403,75.67,92,70,9.89,BR,1613718324
807,Sinnai,9.2036,39.3042,55.4,94,20,6.91,IT,1613718250
808,Mount Isa,139.5,-20.7333,91.4,33,40,11.5,AU,1613718527
809,Luanda,13.2343,-8.8368,80.6,74,75,6.91,AO,1613718528
810,Tsumeb,17.7167,-19.2333,75.45,52,86,5.44,NA,1613718313
811,São Filipe,-24.4956,14.8961,69.48,73,0,10.42,CV,1613718291
812,Saint-Philippe,55.7679,-21.3585,87.8,70,0,8.05,RE,1613718042
813,Castro,-50.0119,-24.7911,53.47,83,0,1.54,BR,1613718081
814,Rikitea,-134.9692,-23.1203,79.2,69,84,12.1,PF,1613718002
815,Asău,26.4,46.4333,16.0,79,0,3.44,RO,1613718144
816,Salalah,54.0924,17.0151,78.8,53,40,9.22,OM,1613718389
817,Bluff,168.3333,-46.6,59.0,82,100,20.0,NZ,1613718304
818,Rikitea,-134.9692,-23.1203,79.2,69,84,12.1,PF,1613718002
819,Busselton,115.3333,-33.65,75.0,46,0,3.0,AU,1613717994
820,Kirakira,161.9205,-10.4544,84.43,75,100,3.31,SB,1613718181
821,Shaoguan,113.5833,24.8,72.93,36,0,0.51,CN,1613718535
822,Uzunovo,38.6173,54.5386,-2.51,92,99,10.98,RU,1613718536
823,Port Elizabeth,25.5701,-33.918,68.0,77,0,6.91,ZA,1613718086
824,Fortuna,-124.1573,40.5982,50.0,100,90,10.36,US,1613718118
825,Lárdos,28.0157,36.0942,53.6,54,0,5.75,GR,1613718538
826,Prince Rupert,-130.3201,54.3161,42.8,70,75,14.97,CA,1613718511
827,Bredasdorp,20.0403,-34.5322,62.6,94,75,3.44,ZA,1613718027
828,Yellowknife,-114.3525,62.456,-4.0,77,75,8.05,CA,1613718076
829,Rikitea,-134.9692,-23.1203,79.2,69,84,12.1,PF,1613718002
830,Buchanan,-10.0467,5.8808,75.74,91,48,5.14,LR,1613718541
831,Bluff,168.3333,-46.6,59.0,82,100,20.0,NZ,1613718304
832,Carnarvon,113.6333,-24.8667,82.4,61,0,20.71,AU,1613718141
833,Hobyo,48.5268,5.3505,80.11,66,94,18.16,SO,1613718168
834,Yeppoon,150.7333,-23.1333,82.4,57,100,5.75,AU,1613718544
835,Rikitea,-134.9692,-23.1203,79.2,69,84,12.1,PF,1613718002
836,Mitsamiouli,43.2844,-11.3847,84.11,74,83,3.31,KM,1613718545
837,Ixtapa,-105.2,20.7,66.0,90,3,2.53,MX,1613718498
838,Aras,-2.356,42.5617,46.0,87,6,3.65,ES,1613718546
839,Saint Paul Harbor,-152.4072,57.79,35.6,55,1,12.66,US,1613718163
840,Rikitea,-134.9692,-23.1203,79.2,69,84,12.1,PF,1613718002
841,Cidreira,-50.2056,-30.1811,67.51,91,8,6.98,BR,1613718119
842,Jamestown,-79.2353,42.097,24.01,86,90,5.75,US,1613717813
843,Ipixuna,-48.8043,-1.7625,73.4,100,75,3.44,BR,1613718549
844,Hithadhoo,73.0833,-0.6,83.89,73,81,11.05,MV,1613718269
845,Bluff,168.3333,-46.6,59.0,82,100,20.0,NZ,1613718304
846,Mataura,168.8643,-46.1927,59.0,82,100,20.0,NZ,1613718045
847,Pechenga,31.1703,69.5259,-9.4,84,20,6.91,RU,1613718552
848,Butaritari,172.7902,3.0707,81.3,78,89,15.68,KI,1613718069
849,Surskoye,46.7214,54.4821,0.3,92,100,9.98,RU,1613718553
850,Hemnesberget,13.6333,66.2333,23.0,58,40,17.27,NO,1613718554
851,Dikson,80.5464,73.5069,-30.8,91,0,11.61,RU,1613718037
852,Geraldton,114.6,-28.7667,80.6,41,0,24.16,AU,1613718024
853,East London,27.9116,-33.0153,68.0,83,75,2.3,ZA,1613718129
854,Tiksi,128.8694,71.6872,-22.83,100,100,6.96,RU,1613718030
855,Provideniya,-173.3,64.3833,-4.0,84,20,4.47,RU,1613718525
856,Atar,-13.0499,20.5169,60.53,15,0,2.91,MR,1613718558
857,Tiksi,128.8694,71.6872,-22.83,100,100,6.96,RU,1613718030
858,Chicama,-79.1469,-7.8447,70.86,82,100,3.78,PE,1613718559
859,Petropavlovsk-Kamchatskiy,158.6483,53.0452,33.8,64,90,22.37,RU,1613718340
860,Butaritari,172.7902,3.0707,81.3,78,89,15.68,KI,1613718069
861,Bonito,-56.4819,-21.1211,64.15,64,0,2.66,BR,1613718561
862,Kaitangata,169.8464,-46.2817,62.35,57,100,3.76,NZ,1613718320
863,Ancud,-73.8203,-41.8697,45.0,93,75,5.75,CL,1613718047
864,Padang,100.3543,-0.9492,89.6,58,20,6.91,ID,1613718562
865,Carnarvon,113.6333,-24.8667,82.4,61,0,20.71,AU,1613718141
866,Saint George,-113.5841,37.1041,39.99,32,1,6.91,US,1613718178
867,Busselton,115.3333,-33.65,75.0,46,0,3.0,AU,1613717994
868,Yellowknife,-114.3525,62.456,-4.0,77,75,8.05,CA,1613718076
869,Andrushivka,29.0202,50.0229,4.46,92,0,5.08,UA,1613718565
870,Cape Town,18.4232,-33.9258,70.0,52,20,17.27,ZA,1613717831
871,Rikitea,-134.9692,-23.1203,79.2,69,84,12.1,PF,1613718002
872,Rikitea,-134.9692,-23.1203,79.2,69,84,12.1,PF,1613718002
873,Normandin,-72.5321,48.8333,-7.6,83,74,4.61,CA,1613718568
874,Hamilton,-84.5333,39.1834,24.8,74,90,6.91,US,1613718421
875,São Filipe,-24.4956,14.8961,69.48,73,0,10.42,CV,1613718291
876,Jamestown,-79.2353,42.097,24.01,86,90,5.75,US,1613717813
877,Tuktoyaktuk,-133.0374,69.4541,-18.4,76,90,9.22,CA,1613717995
878,Port Alfred,26.891,-33.5906,71.01,80,92,1.01,ZA,1613718152
879,Nara,135.8049,34.6851,51.01,49,20,12.66,JP,1613718085
880,Ushuaia,-68.3,-54.8,42.8,65,75,4.61,AR,1613717976
881,Camacha,-16.3333,33.0833,59.0,82,40,6.91,PT,1613718573
882,Zhigansk,123.3711,66.7697,-26.72,93,71,7.56,RU,1613718573
883,Puerto Ayora,-90.3518,-0.7393,75.99,96,96,5.7,EC,1613718061
884,Ushuaia,-68.3,-54.8,42.8,65,75,4.61,AR,1613717976
885,Albany,-73.9662,42.6001,23.0,73,100,1.99,US,1613718210
886,Bluff,168.3333,-46.6,59.0,82,100,20.0,NZ,1613718304
887,Lavrentiya,-171.0,65.5833,-17.63,91,0,3.4,RU,1613718460
888,Koubia,-11.9,11.5833,69.39,76,65,1.81,GN,1613718577
889,Hede,120.2517,33.7681,64.69,35,0,19.08,CN,1613718578
890,Nikolskoye,30.7861,59.7035,10.0,78,75,2.24,RU,1613718099
891,Sanok,22.2056,49.5557,32.0,84,100,14.88,PL,1613718579
892,Troitskoye,84.6757,52.9821,36.48,98,100,18.28,RU,1613718580
893,Phan Thiet,108.1,10.9333,85.87,47,0,25.52,VN,1613718580
894,Mehamn,27.8492,71.0357,14.0,67,75,19.57,NO,1613718581
895,Salalah,54.0924,17.0151,78.8,53,40,9.22,OM,1613718389
896,Tasiilaq,-37.6368,65.6145,21.2,73,90,5.75,GL,1613718189
897,Thompson,-97.8558,55.7435,-13.0,84,20,5.39,CA,1613717885
898,Nikolskoye,30.7861,59.7035,10.0,78,75,2.24,RU,1613718099
899,Pevek,170.3133,69.7008,-25.62,96,0,2.86,RU,1613718359
900,Danville,-79.395,36.586,33.01,93,90,5.75,US,1613718502
901,Punta Arenas,-70.9167,-53.15,46.0,65,100,11.99,CL,1613718040
902,Barrow,-156.7887,71.2906,-13.0,70,90,14.97,US,1613718026
903,Hermanus,19.2345,-34.4187,68.0,74,52,1.01,ZA,1613718043
904,Dobřany,13.2931,49.6548,39.2,100,90,5.75,CZ,1613718587
905,Bacolod City,122.95,10.6667,80.26,69,87,24.9,PH,1613718587
906,Quatre Cocos,57.7625,-20.2078,82.0,100,75,1.14,MU,1613718510
907,Herat Province,62.0,34.5,73.4,9,75,16.11,AF,1613718588
908,Upernavik,-56.1549,72.7868,-15.23,93,100,4.34,GL,1613718332
909,Puerto Ayora,-90.3518,-0.7393,75.99,96,96,5.7,EC,1613718061
910,Hong Kong,114.1577,22.2855,73.99,46,100,11.01,HK,1613717899
911,Butaritari,172.7902,3.0707,81.3,78,89,15.68,KI,1613718069
912,Lady Frere,27.2329,-31.7031,65.21,74,87,3.67,ZA,1613718591
913,New Norfolk,147.0587,-42.7826,89.01,27,100,4.0,AU,1613718123
914,Albany,-73.9662,42.6001,23.0,73,100,1.99,US,1613718210
915,Karpathos,27.2132,35.507,55.4,58,20,14.97,GR,1613718593
916,Mataura,168.8643,-46.1927,59.0,82,100,20.0,NZ,1613718045
917,Kapaa,-159.319,22.0752,73.4,83,75,11.5,US,1613718103
918,Olafsvik,-23.7142,64.8945,35.28,78,96,11.21,IS,1613718497
919,Thompson,-97.8558,55.7435,-13.0,84,20,5.39,CA,1613717885
920,Bluff,168.3333,-46.6,59.0,82,100,20.0,NZ,1613718304
921,Yellowknife,-114.3525,62.456,-4.0,77,75,8.05,CA,1613718076
922,Vaini,-175.2,-21.2,78.8,89,40,8.05,TO,1613718078
923,Codrington,141.9667,-38.2667,77.58,49,100,19.71,AU,1613718434
924,Albany,-73.9662,42.6001,23.0,73,100,1.99,US,1613718210
925,Nyurba,118.3319,63.2842,-14.93,91,100,2.82,RU,1613718600
926,Lola,-8.5333,7.8,68.5,96,2,1.81,GN,1613718600
927,Tolaga Bay,178.3,-38.3667,58.96,79,0,4.79,NZ,1613718601
928,Payo,103.6372,-3.7508,84.81,66,32,5.23,ID,1613718602
929,Port Alfred,26.891,-33.5906,71.01,80,92,1.01,ZA,1613718152
930,Tuktoyaktuk,-133.0374,69.4541,-18.4,76,90,9.22,CA,1613718604
931,Bud,-86.1758,39.447,15.8,86,90,6.98,US,1613718604
932,Ōdachō-ōda,132.5,35.1833,46.4,61,40,18.41,JP,1613718605
933,Saskylakh,114.0833,71.9167,-19.01,96,100,7.61,RU,1613718606
934,Coquimbo,-71.3436,-29.9533,57.2,82,0,4.61,CL,1613718607
935,Ushuaia,-68.3,-54.8,42.8,65,75,4.61,AR,1613717976
936,Ulaangom,92.0667,49.9811,12.18,84,100,3.42,MN,1613718161
937,Kahului,-156.47,20.8947,73.4,73,40,8.05,US,1613718140
938,Albany,-73.9662,42.6001,23.0,73,100,1.99,US,1613718210
939,Tharād,71.6267,24.3961,89.4,11,0,2.84,IN,1613718609
940,Mataura,168.8643,-46.1927,59.0,82,100,20.0,NZ,1613718045
941,Lewisporte,-55.0482,49.2499,19.4,85,1,8.05,CA,1613718611
942,Bredasdorp,20.0403,-34.5322,62.6,94,75,3.44,ZA,1613718027
943,Ixtapa,-105.2,20.7,66.0,90,3,2.53,MX,1613718498
944,Vaini,-175.2,-21.2,78.8,89,40,8.05,TO,1613718078
945,Kumul,93.45,42.8,49.8,26,0,4.59,CN,1613718037
946,Ozinki,49.6769,51.1786,3.24,95,84,8.59,RU,1613718613
947,Punta Arenas,-70.9167,-53.15,46.0,65,100,11.99,CL,1613718040
948,Atar,-13.0499,20.5169,60.53,15,0,2.91,MR,1613718558
949,Port Lincoln,135.8667,-34.7333,68.04,74,94,17.36,AU,1613718174
950,Narsaq,-46.05,60.9167,24.8,30,36,18.41,GL,1613718189
951,Laas,10.7002,46.6166,37.0,80,0,4.61,IT,1613718616
952,Butaritari,172.7902,3.0707,81.3,78,89,15.68,KI,1613718069
953,Te Anau,167.7167,-45.4167,66.06,54,3,3.87,NZ,1613718098
954,Rikitea,-134.9692,-23.1203,79.2,69,84,12.1,PF,1613718618
955,Sādri,73.4333,25.1833,83.48,11,0,3.65,IN,1613718619
956,Padre Bernardo,-48.5,-15.35,68.14,97,100,1.36,BR,1613718619
957,Punta Arenas,-70.9167,-53.15,46.0,65,100,11.99,CL,1613718040
958,Hithadhoo,73.0833,-0.6,83.89,73,81,11.05,MV,1613718269
959,Punta Arenas,-70.9167,-53.15,46.0,65,100,11.99,CL,1613718040
960,Ushuaia,-68.3,-54.8,41.0,81,75,5.75,AR,1613718607
961,Rikitea,-134.9692,-23.1203,79.2,69,84,12.1,PF,1613718618
962,Hermanus,19.2345,-34.4187,68.0,74,52,1.01,ZA,1613718043
963,Bluff,168.3333,-46.6,59.0,82,100,20.0,NZ,1613718304
964,Hobart,147.3294,-42.8794,89.01,29,100,16.11,AU,1613718469
965,Karratha,116.8463,-20.7377,89.6,55,0,13.04,AU,1613718625
966,Porto-Novo,2.6036,6.4965,78.8,94,20,3.44,BJ,1613718626
967,Hobart,147.3294,-42.8794,89.01,29,100,16.11,AU,1613718469
968,Saskylakh,114.0833,71.9167,-19.01,96,100,7.61,RU,1613718606
969,Durazno,-56.5006,-33.4131,63.37,60,0,5.37,UY,1613718628
970,Srikakulam,83.9,18.3,85.64,37,0,12.53,IN,1613718628
971,Auki,160.7034,-8.7676,81.09,85,100,6.08,SB,1613718629
972,Upernavik,-56.1549,72.7868,-15.23,93,100,4.34,GL,1613718332
973,Bilma,12.9164,18.6853,56.5,24,0,6.13,NE,1613718418
974,Airai,125.4092,-8.9266,67.86,83,96,3.89,TL,1613718141
975,Punta Arenas,-70.9167,-53.15,46.0,65,100,11.99,CL,1613718040
976,Sunrise Manor,-115.0731,36.2111,45.0,22,20,2.3,US,1613718632
977,San Quintín,-115.95,30.4833,56.59,58,0,1.21,MX,1613718632
978,Ribeira Grande,-28.7,38.5167,57.97,70,100,31.61,PT,1613718633
979,Butaritari,172.7902,3.0707,81.3,78,89,15.68,KI,1613718069
980,Ushuaia,-68.3,-54.8,41.0,81,75,5.75,AR,1613718607
981,East London,27.9116,-33.0153,68.0,83,75,2.3,ZA,1613718129
982,Bambous Virieux,57.7575,-20.3428,82.0,100,75,1.14,MU,1613718059
983,Washington,-120.5015,47.5001,28.0,92,98,2.19,US,1613718361
984,Rikitea,-134.9692,-23.1203,79.2,69,84,12.1,PF,1613718618
985,Coquimbo,-71.3436,-29.9533,57.2,82,0,4.61,CL,1613718607
986,Sitka,-135.33,57.0531,39.2,81,90,19.57,US,1613718201
987,Guadalupe y Calvo,-106.9667,26.1,34.29,55,0,7.45,MX,1613718638
988,Talnakh,88.3972,69.4865,-25.26,93,95,5.28,RU,1613718565
989,Hailey,-114.3153,43.5196,19.0,95,100,2.01,US,1613718102
990,Kapaa,-159.319,22.0752,73.4,83,75,11.5,US,1613718103
991,Nova Odesa,31.7851,47.3078,12.2,79,0,13.42,UA,1613718641
992,New Norfolk,147.0587,-42.7826,89.01,27,100,4.0,AU,1613718123
993,Busselton,115.3333,-33.65,75.99,44,0,4.0,AU,1613718414
994,Punta Arenas,-70.9167,-53.15,46.4,66,90,6.91,CL,1613718544
995,Northam,-4.2167,51.0333,48.99,91,100,17.0,GB,1613718375
996,Albany,-73.9662,42.6001,23.0,73,100,1.99,US,1613718210
997,Hamilton,-84.5333,39.1834,24.8,74,90,6.91,US,1613718421
998,Albany,-73.9662,42.6001,23.0,73,100,1.99,US,1613718210
999,Caucayá,-74.7819,-0.1934,75.6,60,100,1.74,CO,1613718646
1000,Ushuaia,-68.3,-54.8,41.0,81,75,5.75,AR,1613718607
1001,Harper,-7.7169,4.375,77.13,85,80,3.58,LR,1613718148
1002,Mataura,168.8643,-46.1927,59.0,82,100,20.0,NZ,1613718648
1003,Allāpalli,80.0667,19.4167,89.26,28,100,4.81,IN,1613718649
1004,Qaanaaq,-69.3632,77.484,-18.6,96,98,7.7,GL,1613718067
1005,Hilo,-155.09,19.7297,69.8,83,20,4.61,US,1613718650
1006,Nouadhibou,-17.0347,20.931,60.8,94,0,11.5,MR,1613718650
1007,Rikitea,-134.9692,-23.1203,79.2,69,84,12.1,PF,1613718618
1008,Safi,-9.2372,32.2994,55.65,72,0,5.37,MA,1613718532
1009,Nikolskoye,30.7861,59.7035,10.0,78,75,2.24,RU,1613718099
1010,Hilo,-155.09,19.7297,69.8,83,20,4.61,US,1613718650
1011,Busselton,115.3333,-33.65,75.99,44,0,4.0,AU,1613718414
1012,Qaanaaq,-69.3632,77.484,-18.6,96,98,7.7,GL,1613718067
1013,Talcahuano,-73.1167,-36.7167,55.4,58,0,9.22,CL,1613718654
1014,Albany,-73.9662,42.6001,23.0,73,100,1.99,US,1613718210
1015,Saint Paul Harbor,-152.4072,57.79,35.6,55,1,12.66,US,1613718163
1016,Kapaa,-159.319,22.0752,73.4,83,75,11.5,US,1613718103
1017,Ushuaia,-68.3,-54.8,41.0,81,75,5.75,AR,1613718607
1018,Upernavik,-56.1549,72.7868,-15.23,93,100,4.34,GL,1613718332
1019,Aksarka,67.7975,66.5606,-16.6,96,100,5.1,RU,1613718658
1020,São Caetano de Odivelas,-48.02,-0.75,73.63,95,98,2.04,BR,1613718658
1021,São João da Barra,-41.0511,-21.6403,75.67,92,70,9.89,BR,1613718324
1022,Provideniya,-173.3,64.3833,-4.0,84,20,4.47,RU,1613718525
1023,Esperance,121.9,-33.8667,69.8,56,90,12.66,AU,1613718089
1024,Pacific Grove,-121.9166,36.6177,48.0,87,1,3.33,US,1613718524
1025,Provideniya,-173.3,64.3833,-4.0,84,20,4.47,RU,1613718525
1026,Mataura,168.8643,-46.1927,59.0,82,100,20.0,NZ,1613718648
1027,Upernavik,-56.1549,72.7868,-15.23,93,100,4.34,GL,1613718332
1028,Prieska,22.7474,-29.6641,77.11,19,0,4.92,ZA,1613718663
1029,Punta Arenas,-70.9167,-53.15,46.4,66,90,6.91,CL,1613718544
1030,Mataura,168.8643,-46.1927,59.0,82,100,20.0,NZ,1613718648
1031,Saint-Pierre,55.4781,-21.3393,87.8,66,20,8.05,RE,1613718665
1032,Bluff,168.3333,-46.6,59.0,82,100,20.0,NZ,1613718304
1033,San Jose,-121.895,37.3394,55.4,44,75,6.91,US,1613718656
1034,Cayhagan,122.4256,9.6697,81.73,68,100,20.74,PH,1613718667
1035,Busselton,115.3333,-33.65,75.99,44,0,4.0,AU,1613718414
1036,Mataura,168.8643,-46.1927,59.0,82,100,20.0,NZ,1613718648
1037,Hobyo,48.5268,5.3505,80.11,66,94,18.16,SO,1613718168
1038,Pochutla,-96.4661,15.7432,66.99,82,54,3.51,MX,1613718670
1039,Cape Town,18.4232,-33.9258,71.01,52,20,17.27,ZA,1613718510
1040,Busselton,115.3333,-33.65,75.99,44,0,4.0,AU,1613718414
1041,Aitape,142.3475,-3.1374,78.67,86,100,4.34,PG,1613718671
1042,Punta Arenas,-70.9167,-53.15,46.4,66,90,6.91,CL,1613718544
1043,Coyhaique,-72.0662,-45.5752,36.57,98,36,5.93,CL,1613718673
1044,Ambon City,128.1814,-3.6954,87.8,66,40,11.5,ID,1613718398
1045,Iralaya,-83.2333,15.0,76.73,73,0,7.31,HN,1613718674
1046,Lafia,8.5167,8.4833,66.87,23,100,3.13,NG,1613718675
1047,Faanui,-151.75,-16.4833,81.52,75,6,13.6,PF,1613718296
1048,Caldelas,-8.3815,41.671,51.01,91,100,20.0,PT,1613718676
1049,Ahipara,173.1667,-35.1667,64.71,75,49,0.6,NZ,1613718677
1050,Isangel,169.2667,-19.55,86.0,74,75,4.85,VU,1613718300
1051,Yumen,97.2,40.2833,52.16,14,0,23.62,CN,1613718678
1052,Carnarvon,113.6333,-24.8667,82.4,61,0,20.71,AU,1613718141
1053,Kavieng,150.7967,-2.5744,84.47,74,98,12.68,PG,1613718680
1054,Kapaa,-159.319,22.0752,73.4,83,75,11.5,US,1613718103
1055,Yulara,130.9889,-25.2406,82.4,61,90,11.5,AU,1613718681
1056,Abeokuta,3.35,7.15,74.82,41,100,5.17,NG,1613718682
1057,Bangui,18.555,4.3612,69.8,52,20,2.3,CF,1613718682
1058,Port Alfred,26.891,-33.5906,71.01,80,92,1.01,ZA,1613718152
1059,Qaanaaq,-69.3632,77.484,-18.6,96,98,7.7,GL,1613718684
1060,Markova,24.4138,48.6758,3.2,85,50,3.02,UA,1613718684
1061,Pangnirtung,-65.7125,66.1451,-22.0,76,75,3.44,CA,1613718351
1062,Arraial do Cabo,-42.0278,-22.9661,76.6,80,13,5.14,BR,1613718313
1063,Longyearbyen,15.6401,78.2186,15.8,86,20,11.5,SJ,1613718052
1064,Puerto Ayora,-90.3518,-0.7393,75.99,96,96,5.7,EC,1613718687
1065,Aklavik,-135.0107,68.2191,-18.4,69,100,9.22,CA,1613718494
1066,Yellowknife,-114.3525,62.456,-4.0,77,75,8.05,CA,1613718076
1067,Thompson,-97.8558,55.7435,-13.0,84,20,5.39,CA,1613718689
1068,Punta Arenas,-70.9167,-53.15,46.4,66,90,6.91,CL,1613718544
1069,Kloulklubed,134.2556,7.0419,78.8,89,90,9.22,PW,1613718373
1070,Ugoofaaru,73.0,5.6667,82.2,68,98,9.66,MV,1613718690
1071,Ponta do Sol,-17.1,32.6667,59.0,72,20,4.61,PT,1613718209
1072,Canberra,149.1281,-35.2835,82.0,50,40,6.91,AU,1613718692
1073,Hilo,-155.09,19.7297,69.8,83,20,4.61,US,1613718650
1074,Karratha,116.8463,-20.7377,89.6,55,0,13.04,AU,1613718625
1075,Soyo,12.3689,-6.1349,78.8,89,75,4.61,AO,1613718177
1076,Arraial do Cabo,-42.0278,-22.9661,76.6,80,13,5.14,BR,1613718313
1077,Puerto Ayora,-90.3518,-0.7393,75.99,96,96,5.7,EC,1613718687
1078,Avarua,-159.775,-21.2078,75.2,100,75,3.44,CK,1613718138
1079,New Norfolk,147.0587,-42.7826,89.01,27,100,4.0,AU,1613718123
1080,Rikitea,-134.9692,-23.1203,79.2,69,84,12.1,PF,1613718618
1081,Rikitea,-134.9692,-23.1203,79.2,69,84,12.1,PF,1613718618
1082,Rikitea,-134.9692,-23.1203,79.2,69,84,12.1,PF,1613718618
1083,Saskylakh,114.0833,71.9167,-19.01,96,100,7.61,RU,1613718606
1084,Nome,-165.4064,64.5011,-16.6,69,1,3.44,US,1613718699
1085,Lebu,-73.65,-37.6167,51.98,76,0,16.11,CL,1613718700
1086,Arraial do Cabo,-42.0278,-22.9661,76.6,80,13,5.14,BR,1613718313
1087,Tual,132.75,-5.6667,83.93,77,45,23.49,ID,1613718618
1088,Padang,100.3543,-0.9492,89.6,58,20,6.91,ID,1613718562
1089,Kościerzyna,17.9812,54.1223,21.99,93,20,11.5,PL,1613718501
1090,Arifwala,73.0735,30.294,83.8,9,0,6.46,PK,1613718491
1091,Poum,164.0167,-20.2333,82.72,82,99,15.32,NC,1613718164
1092,Lerwick,-1.1494,60.1545,42.8,87,20,14.97,GB,1613718704
1093,Port Elizabeth,25.5701,-33.918,69.8,68,0,2.3,ZA,1613718704
1094,Nara,135.8049,34.6851,51.01,49,20,12.66,JP,1613718085
1095,Saint Anthony,-93.218,45.0205,10.4,78,75,3.44,US,1613718228
1096,Cape Town,18.4232,-33.9258,71.01,52,20,17.27,ZA,1613718510
1097,Butaritari,172.7902,3.0707,81.3,78,89,15.68,KI,1613718707
1098,Vaini,-175.2,-21.2,78.8,83,75,4.61,TO,1613718708
1099,Srednekolymsk,153.6833,67.45,-33.11,99,3,1.68,RU,1613718708
1100,Bend,-121.3153,44.0582,39.2,75,1,13.8,US,1613718709
1101,Nikolskoye,30.7861,59.7035,10.99,78,75,2.24,RU,1613718709
1102,Albany,-73.9662,42.6001,23.0,73,100,1.99,US,1613718210
1103,Busselton,115.3333,-33.65,75.99,44,0,4.0,AU,1613718414
1104,Tasiilaq,-37.6368,65.6145,21.2,73,90,5.75,GL,1613718189
1105,Punta Arenas,-70.9167,-53.15,46.4,66,90,6.91,CL,1613718544
1106,Bengkulu,102.2655,-3.8004,86.45,60,81,10.33,ID,1613718713
1107,Atuona,-139.0333,-9.8,79.57,79,31,9.86,PF,1613718714
1108,Pevek,170.3133,69.7008,-25.62,96,0,2.86,RU,1613718359
1109,Saint-Augustin,-58.6502,51.226,-0.47,82,84,8.16,CA,1613718715
1110,Cape Canaveral,-80.6048,28.4058,73.99,78,1,13.8,US,1613718562
1111,Bagdarin,113.6,54.4333,3.25,60,0,11.05,RU,1613718716
1112,Esim,-2.2405,4.8699,79.21,84,84,4.34,GH,1613718717
1113,Skeldon,-57.1333,5.8833,72.86,88,64,5.48,GY,1613718717
1114,Carutapera,-46.02,-1.195,73.81,92,100,1.92,BR,1613718718
1115,Ust'-Shonosha,41.343,61.1531,-6.79,96,75,3.67,RU,1613718718
1116,Bredasdorp,20.0403,-34.5322,64.4,88,20,3.44,ZA,1613718719
1117,Vaini,-175.2,-21.2,78.8,83,75,4.61,TO,1613718708
1118,Castro,-50.0119,-24.7911,53.47,83,0,1.54,BR,1613718720
1119,Dingle,122.6711,10.9995,79.47,71,95,17.87,PH,1613718721
1120,Albany,-73.9662,42.6001,23.0,73,100,1.99,US,1613718210
1121,Cape Town,18.4232,-33.9258,71.01,52,20,17.27,ZA,1613718510
1122,Port-Gentil,8.7815,-0.7193,78.8,78,20,8.05,GA,1613718208
1123,Lewisporte,-55.0482,49.2499,19.4,85,1,8.05,CA,1613718611
1124,Kapaa,-159.319,22.0752,73.4,78,1,10.36,US,1613718724
1125,Belyy Yar,91.3903,53.6039,21.2,79,100,11.18,RU,1613718724
1126,Albany,-73.9662,42.6001,23.0,73,100,1.99,US,1613718210
1127,Lev Tolstoy,39.446,53.2134,-3.05,93,33,11.72,RU,1613718725
1128,Rikitea,-134.9692,-23.1203,79.2,69,84,12.1,PF,1613718618
1129,Longyearbyen,15.6401,78.2186,15.8,86,20,11.5,SJ,1613718052
1130,Port Lincoln,135.8667,-34.7333,68.04,74,94,17.36,AU,1613718174
1131,Yārāda,83.2667,17.65,82.4,47,75,9.22,IN,1613718728
1132,Port Elizabeth,25.5701,-33.918,69.8,68,0,2.3,ZA,1613718704
1133,Codrington,141.9667,-38.2667,77.58,49,100,19.71,AU,1613718434
1134,Richards Bay,32.0377,-28.783,76.77,83,63,15.99,ZA,1613718729
1135,Albany,-73.9662,42.6001,23.0,73,100,1.99,US,1613718210
1136,Codrington,141.9667,-38.2667,77.58,49,100,19.71,AU,1613718434
1137,Arraial do Cabo,-42.0278,-22.9661,76.6,80,13,5.14,BR,1613718313
1138,Great Bend,-98.7648,38.3645,15.01,85,1,9.22,US,1613718732
1139,Pudozh,36.5345,61.8099,-5.98,98,91,3.36,RU,1613718732
1140,Kargasok,80.8572,59.0556,-11.63,96,100,12.64,RU,1613718204
1141,Buraidah,43.975,26.326,53.6,66,0,5.75,SA,1613718734
1142,Albany,-73.9662,42.6001,23.0,73,100,1.99,US,1613718210
1143,Cape Town,18.4232,-33.9258,71.01,52,20,17.27,ZA,1613718510
1144,Vao,167.4833,-22.6667,81.09,84,26,16.26,NC,1613718735
1145,Mar del Plata,-57.5575,-38.0023,66.99,82,0,10.36,AR,1613718736
1146,Cidreira,-50.2056,-30.1811,67.51,91,8,6.98,BR,1613718736
1147,George Town,100.3354,5.4112,93.2,36,20,10.36,MY,1613718679
1148,Jamestown,-79.2353,42.097,24.01,93,90,6.91,US,1613718567
1149,Albany,-73.9662,42.6001,23.0,73,100,1.99,US,1613718210
1150,Busselton,115.3333,-33.65,75.99,44,0,4.0,AU,1613718414
1151,Longyearbyen,15.6401,78.2186,15.8,86,20,11.5,SJ,1613718052
1152,Rikitea,-134.9692,-23.1203,79.2,69,84,12.1,PF,1613718618
1153,Myanaung,95.3167,18.2833,94.03,31,100,1.79,MM,1613718488
1154,Bluff,168.3333,-46.6,59.0,82,100,20.0,NZ,1613718304
1155,Mandalgovi,106.2708,45.7625,48.04,26,85,23.82,MN,1613718743
1156,Buchanan,-10.0467,5.8808,75.74,91,48,5.14,LR,1613718541
1157,Nikolskoye,30.7861,59.7035,10.99,78,75,2.24,RU,1613718709
1158,Kapaa,-159.319,22.0752,73.4,78,1,10.36,US,1613718724
1159,George Town,100.3354,5.4112,93.2,36,20,10.36,MY,1613718679
1160,Karpogory,44.4451,64.0019,-12.23,95,0,1.61,RU,1613718746
1161,Kiryat Gat,34.7642,31.61,50.0,100,28,14.16,IL,1613718746
1162,Jamestown,-79.2353,42.097,24.01,93,90,6.91,US,1613718567
1163,Pacific Grove,-121.9166,36.6177,48.0,87,1,3.33,US,1613718524
1164,Cockburn Town,-71.1419,21.4612,77.65,77,3,22.77,TC,1613718317
1165,Natal,-35.2094,-5.795,77.0,88,40,2.3,BR,1613718748
1166,Mataura,168.8643,-46.1927,59.0,82,100,20.0,NZ,1613718648
1167,Ushuaia,-68.3,-54.8,41.0,81,75,5.75,AR,1613718607
1168,Paamiut,-49.6678,61.994,11.16,78,49,17.27,GL,1613718751
1169,Yellowknife,-114.3525,62.456,-4.0,77,75,8.05,CA,1613718076
1170,Cherskiy,161.3,68.75,-28.95,87,0,2.98,RU,1613718752
1171,Saint George,-113.5841,37.1041,39.99,32,1,6.91,US,1613718178
1172,Vila Velha,-40.2925,-20.3297,78.8,83,75,9.22,BR,1613718753
1173,Albany,-73.9662,42.6001,23.0,73,100,1.99,US,1613718210
1174,Shar,81.0453,49.5886,35.78,83,100,13.31,KZ,1613718754
1175,Tahoua,5.2692,14.8888,62.6,19,0,9.22,NE,1613718755
1176,Tuktoyaktuk,-133.0374,69.4541,-18.4,76,90,9.22,CA,1613718604
1177,Gamba,10.0,-2.65,78.57,86,0,3.69,GA,1613718255
1178,Busselton,115.3333,-33.65,75.99,44,0,4.0,AU,1613718414
1179,Bredasdorp,20.0403,-34.5322,64.4,88,20,3.44,ZA,1613718719
1180,Nishihara,127.7558,26.1842,62.01,41,75,12.66,JP,1613718757
1181,Lavrentiya,-171.0,65.5833,-17.63,91,0,3.4,RU,1613718460
1182,Lavrentiya,-171.0,65.5833,-17.63,91,0,3.4,RU,1613718460
1183,East London,27.9116,-33.0153,69.8,83,75,3.44,ZA,1613718759
1184,Bredasdorp,20.0403,-34.5322,64.4,88,20,3.44,ZA,1613718719
1185,Saint George,-113.5841,37.1041,39.99,32,1,6.91,US,1613718178
1186,Vostok,135.8833,46.4856,15.76,84,100,3.44,RU,1613718761
1187,Jamestown,-79.2353,42.097,24.01,93,90,6.91,US,1613718567
1188,Norman Wells,-126.8329,65.282,-5.8,84,75,5.75,CA,1613718763
1189,Hobart,147.3294,-42.8794,89.01,29,100,16.11,AU,1613718469
1190,Lüderitz,15.1594,-26.6481,66.79,64,0,14.83,NA,1613718254
1191,Pokhara,83.9833,28.2333,74.95,23,0,5.26,NP,1613718766
1192,Nemuro,145.575,43.3236,32.0,55,75,5.75,JP,1613718766
1193,Popondetta,148.2534,-8.7537,78.35,92,100,1.61,PG,1613718767
1194,Belmonte,-38.8828,-15.8631,77.0,88,75,5.75,BR,1613718767
1195,Rikitea,-134.9692,-23.1203,79.2,69,84,12.1,PF,1613718618
1196,Tautira,-149.15,-17.7333,82.0,74,75,8.05,PF,1613718768
1197,Natal,-35.2094,-5.795,77.0,88,40,2.3,BR,1613718748
1198,Bocanda,-4.4995,7.0626,74.34,87,91,2.24,CI,1613718770
1199,Bluff,168.3333,-46.6,59.0,82,100,20.0,NZ,1613718304
1200,Rikitea,-134.9692,-23.1203,79.2,69,84,12.1,PF,1613718618
